id,creation_time,property1,property2,property3,property4,property5,failed,time_of_death,assignment_id,event_type
1,2017-07-07 19:37:23.490461,,,,,,f,,317HQ483I8LCX6UHR8PRKJPKSGRINM,AssignmentAccepted
2,2017-07-07 19:37:24.467359,,,,,,f,,37Z929RLGA1ZMX2XTG5HXK1ZQWFSTP,AssignmentAccepted
3,2017-07-07 19:37:25.441071,,,,,,f,,36ZN444YTSRUFRUTSNP4Z8PPIQWIO1,AssignmentAccepted
4,2017-07-07 19:37:26.427582,,,,,,f,,3X73LLYYQ27C1BJXLQ76K7O5S3CNHY,AssignmentAccepted
5,2017-07-07 19:37:27.428657,,,,,,f,,3B4YI393VAPY7XPI4G0RNF5DOD1SS0,AssignmentAccepted
6,2017-07-07 19:37:28.500302,,,,,,f,,32AT8R96GM2EMAHMTLVR2GN19AMSUG,AssignmentAccepted
7,2017-07-07 19:37:29.927784,,,,,,f,,3PEIJLRY6UMZAVSQIVGFJCPQ95ZXWS,AssignmentAccepted
8,2017-07-07 19:37:36.6822,,,,,,f,,3M81GAB8A1CNDVT31QPR2QGC21UQB8,AssignmentAccepted
9,2017-07-07 19:38:12.68261,,,,,,f,,358010RM5FMMV6SLSLBJXA6C2WXXVI,AssignmentAccepted
10,2017-07-07 19:38:13.662265,,,,,,f,,3R0T90IZ1T5FABRVCUGAJWISEZLGCA,AssignmentAccepted
11,2017-07-07 19:38:38.208124,,,,,,f,,3R0T90IZ1T5FABRVCUGAJWISEZLGCA,AssignmentReturned
12,2017-07-07 19:38:39.265238,,,,,,f,,3R0T90IZ1T5FABRVCUGAJWISEZLGCA,AssignmentAccepted
13,2017-07-07 19:39:20.890203,,,,,,f,,3X73LLYYQ27C1BJXLQ76K7O5S3CNHY,AssignmentReturned
14,2017-07-07 19:39:21.879776,,,,,,f,,3X73LLYYQ27C1BJXLQ76K7O5S3CNHY,AssignmentAccepted
15,2017-07-07 19:43:47.181324,,,,,,f,,3X73LLYYQ27C1BJXLQ76K7O5S3CNHY,AssignmentSubmitted
16,2017-07-07 19:43:49.573021,,,,,,f,,3B4YI393VAPY7XPI4G0RNF5DOD1SS0,AssignmentSubmitted
17,2017-07-07 19:43:51.663488,,,,,,f,,37Z929RLGA1ZMX2XTG5HXK1ZQWFSTP,AssignmentSubmitted
18,2017-07-07 19:43:53.902456,,,,,,f,,32AT8R96GM2EMAHMTLVR2GN19AMSUG,AssignmentSubmitted
19,2017-07-07 19:43:55.976431,,,,,,f,,3PEIJLRY6UMZAVSQIVGFJCPQ95ZXWS,AssignmentReturned
20,2017-07-07 19:44:18.286062,,,,,,f,,358010RM5FMMV6SLSLBJXA6C2WXXVI,AssignmentSubmitted
21,2017-07-07 19:45:35.180643,,,,,,f,,3R0T90IZ1T5FABRVCUGAJWISEZLGCA,AssignmentSubmitted
22,2017-07-07 19:45:48.179548,,,,,,f,,36ZN444YTSRUFRUTSNP4Z8PPIQWIO1,AssignmentReturned
