id,creation_time,property1,property2,property3,property4,property5,failed,time_of_death,type,worker_id,assignment_id,unique_id,hit_id,mode,end_time,base_pay,bonus,status
3,2017-07-07 19:37:38.67122,,,,,,f,,participant,3,3R0T90IZ1T5FABRVCUGAJWISEZLGCA,3:3R0T90IZ1T5FABRVCUGAJWISEZLGCA,3QD8LUVX4XR2ASFCWSO45SGT5BK5XI,live,2017-07-07 19:38:38.230425,,,returned
7,2017-07-07 19:38:58.782394,,,,,,f,,participant,7,3X73LLYYQ27C1BJXLQ76K7O5S3CNHY,7:3X73LLYYQ27C1BJXLQ76K7O5S3CNHY,3QD8LUVX4XR2ASFCWSO45SGT5BK5XI,live,2017-07-07 19:39:20.899511,,,returned
9,2017-07-07 19:44:43.79548,,,,,,f,,participant,9,3R0T90IZ1T5FABRVCUGAJWISEZLGCA,9:3R0T90IZ1T5FABRVCUGAJWISEZLGCA,3QD8LUVX4XR2ASFCWSO45SGT5BK5XI,live,2017-07-07 19:45:35.189151,1,0,approved
8,2017-07-07 19:39:30.29809,,,,,,f,,participant,8,3X73LLYYQ27C1BJXLQ76K7O5S3CNHY,8:3X73LLYYQ27C1BJXLQ76K7O5S3CNHY,3QD8LUVX4XR2ASFCWSO45SGT5BK5XI,live,2017-07-07 19:43:47.190322,1,0.2,approved
5,2017-07-07 19:37:52.420657,,,,,,f,,participant,5,3B4YI393VAPY7XPI4G0RNF5DOD1SS0,5:3B4YI393VAPY7XPI4G0RNF5DOD1SS0,3QD8LUVX4XR2ASFCWSO45SGT5BK5XI,live,2017-07-07 19:43:49.581652,1,0.27,approved
6,2017-07-07 19:38:27.017444,,,,,,f,,participant,6,37Z929RLGA1ZMX2XTG5HXK1ZQWFSTP,6:37Z929RLGA1ZMX2XTG5HXK1ZQWFSTP,3QD8LUVX4XR2ASFCWSO45SGT5BK5XI,live,2017-07-07 19:43:51.672738,1,0.2,approved
4,2017-07-07 19:37:50.847544,,,,,,f,,participant,4,32AT8R96GM2EMAHMTLVR2GN19AMSUG,4:32AT8R96GM2EMAHMTLVR2GN19AMSUG,3QD8LUVX4XR2ASFCWSO45SGT5BK5XI,live,2017-07-07 19:43:53.911239,1,0.36,approved
1,2017-07-07 19:37:33.174302,,,,,,f,,participant,1,3PEIJLRY6UMZAVSQIVGFJCPQ95ZXWS,1:3PEIJLRY6UMZAVSQIVGFJCPQ95ZXWS,3QD8LUVX4XR2ASFCWSO45SGT5BK5XI,live,2017-07-07 19:43:55.984866,,,returned
2,2017-07-07 19:37:36.187503,,,,,,f,,participant,2,358010RM5FMMV6SLSLBJXA6C2WXXVI,2:358010RM5FMMV6SLSLBJXA6C2WXXVI,3QD8LUVX4XR2ASFCWSO45SGT5BK5XI,live,2017-07-07 19:44:18.294854,1,0.14,approved
