id,creation_time,property1,property2,property3,property4,property5,failed,time_of_death,type,participant_id,number,question,response
1,2017-07-07 19:42:45.846089,,,,,,f,,question,8,1,questionnaire,"{""engagement"":""7"",""difficulty"":""2""}"
2,2017-07-07 19:42:45.947333,,,,,,f,,question,4,1,questionnaire,"{""engagement"":""7"",""difficulty"":""1""}"
3,2017-07-07 19:42:46.503315,,,,,,f,,question,5,1,questionnaire,"{""engagement"":""7"",""difficulty"":""2""}"
4,2017-07-07 19:42:54.463925,,,,,,f,,question,6,1,questionnaire,"{""engagement"":""6"",""difficulty"":""2""}"
5,2017-07-07 19:43:39.188761,,,,,,f,,question,2,1,questionnaire,"{""engagement"":""5"",""difficulty"":""6""}"
6,2017-07-07 19:45:10.14311,,,,,,f,,question,9,1,questionnaire,"{""engagement"":""7"",""difficulty"":""7""}"
