id,creation_time,property1,property2,property3,property4,property5,failed,time_of_death,assignment_id,event_type
1,2017-06-29 22:24:54.376816,,,,,,f,,3KV0LJBBH3EJ8NC05U51ZSZ5FTVMR3,AssignmentAccepted
2,2017-06-29 22:24:55.380756,,,,,,f,,379J5II41P9AT1PAJCKM08LX0ZFELG,AssignmentAccepted
3,2017-06-29 22:24:56.365885,,,,,,f,,3EJJQNKU9SYXG9BPEXPO7NR9Y7WRHZ,AssignmentAccepted
4,2017-06-29 22:24:57.343181,,,,,,f,,39N5ACM9HFGJPQDR3TX7PBT6EC0P9F,AssignmentAccepted
5,2017-06-29 22:25:13.336261,,,,,,f,,39N5ACM9HFGJPQDR3TX7PBT6EC0P9F,AssignmentReturned
6,2017-06-29 22:25:14.490666,,,,,,f,,3YT88D1N09RWZXRV9SRP2H4LKAKK3S,AssignmentAccepted
7,2017-06-29 22:25:51.919002,,,,,,f,,3YT88D1N09RWZXRV9SRP2H4LKAKK3S,AssignmentReturned
8,2017-06-29 22:25:53.377092,,,,,,f,,3NL0RFNU0GGHHTAZ96W8CMWRYAGK4D,AssignmentAccepted
9,2017-06-29 22:25:55.261819,,,,,,f,,3QJOXOW4XKKUZJ7VJOL10L0M045EMI,AssignmentAccepted
10,2017-06-29 22:25:56.592448,,,,,,f,,3QJOXOW4XKKUZJ7VJOL10L0M045EMI,AssignmentReturned
11,2017-06-29 22:25:57.952659,,,,,,f,,3BXQMRHWK0RBOF4H9O0643MPMSZMU7,AssignmentAccepted
12,2017-06-29 22:26:48.927613,,,,,,f,,3GNCZX450JGXU9NWVZB7L64QKUIPAU,AssignmentAccepted
13,2017-06-29 22:26:50.880646,,,,,,f,,3NL0RFNU0GGHHTAZ96W8CMWRYAGK4D,AssignmentReturned
14,2017-06-29 22:26:52.242211,,,,,,f,,3GU1KF0O4JU2DJSO1DB3GHOW2C3PBP,AssignmentAccepted
15,2017-06-29 22:27:00.507506,,,,,,f,,3KV0LJBBH3EJ8NC05U51ZSZ5FTVMR3,AssignmentReturned
16,2017-06-29 22:28:42.471219,,,,,,f,,3C5W7UE9CGJ35JYCETBTOALTGAGMXZ,AssignmentAccepted
17,2017-06-29 22:34:50.468839,,,,,,f,,379J5II41P9AT1PAJCKM08LX0ZFELG,AssignmentSubmitted
18,2017-06-29 22:34:54.294146,,,,,,f,,3C5W7UE9CGJ35JYCETBTOALTGAGMXZ,AssignmentSubmitted
19,2017-06-29 22:34:58.009013,,,,,,f,,3GU1KF0O4JU2DJSO1DB3GHOW2C3PBP,AssignmentSubmitted
20,2017-06-29 22:35:02.198146,,,,,,f,,3EJJQNKU9SYXG9BPEXPO7NR9Y7WRHZ,AssignmentSubmitted
