id,creation_time,property1,property2,property3,property4,property5,failed,time_of_death,type,worker_id,assignment_id,unique_id,hit_id,mode,end_time,base_pay,bonus,status
3,2017-06-29 22:26:07.038297,,,,,,f,,participant,3,3GNCZX450JGXU9NWVZB7L64QKUIPAU,3:3GNCZX450JGXU9NWVZB7L64QKUIPAU,3TD33TP5DLVS3VOSMSN5123LRR3BAH,sandbox,,,,working
1,2017-06-29 22:24:11.486784,,,,,,f,,participant,1,379J5II41P9AT1PAJCKM08LX0ZFELG,1:379J5II41P9AT1PAJCKM08LX0ZFELG,3TD33TP5DLVS3VOSMSN5123LRR3BAH,sandbox,2017-06-29 22:34:50.477514,1,1.13,approved
5,2017-06-29 22:28:07.262963,,,,,,f,,participant,5,3C5W7UE9CGJ35JYCETBTOALTGAGMXZ,5:3C5W7UE9CGJ35JYCETBTOALTGAGMXZ,3TD33TP5DLVS3VOSMSN5123LRR3BAH,sandbox,2017-06-29 22:34:54.318593,1,0.03,approved
4,2017-06-29 22:26:13.346723,,,,,,f,,participant,4,3GU1KF0O4JU2DJSO1DB3GHOW2C3PBP,4:3GU1KF0O4JU2DJSO1DB3GHOW2C3PBP,3TD33TP5DLVS3VOSMSN5123LRR3BAH,sandbox,2017-06-29 22:34:58.017876,1,1.17,approved
2,2017-06-29 22:24:35.798255,,,,,,f,,participant,2,3EJJQNKU9SYXG9BPEXPO7NR9Y7WRHZ,2:3EJJQNKU9SYXG9BPEXPO7NR9Y7WRHZ,3TD33TP5DLVS3VOSMSN5123LRR3BAH,sandbox,2017-06-29 22:35:02.219139,1,0.19,approved
