id,creation_time,property1,property2,property3,property4,property5,failed,time_of_death,type,participant_id,number,question,response
1,2017-06-29 22:34:19.007172,,,,,,f,,question,2,1,questionnaire,"{""engagement"":""0"",""difficulty"":""0""}"
2,2017-06-29 22:34:22.242648,,,,,,f,,question,5,1,questionnaire,"{""engagement"":""5"",""difficulty"":""0""}"
3,2017-06-29 22:34:25.749835,,,,,,f,,question,1,1,questionnaire,"{""engagement"":""5"",""difficulty"":""1""}"
4,2017-06-29 22:34:26.758809,,,,,,f,,question,4,1,questionnaire,"{""engagement"":""7"",""difficulty"":""5""}"
