id,creation_time,property1,property2,property3,property4,property5,failed,time_of_death,assignment_id,event_type
1,2017-07-07 19:55:08.937065,,,,,,f,,3Z2R0DQ0JI74SF32961G7GOUPSUE2J,AssignmentAccepted
2,2017-07-07 19:55:13.22742,,,,,,f,,3DI28L7YXB7X3UL6Q2122XEPXMGE12,AssignmentAccepted
3,2017-07-07 19:55:14.268629,,,,,,f,,3HMIGG0U4MZDKZMIPOMBOATDT4RY8L,AssignmentAccepted
4,2017-07-07 19:55:15.301536,,,,,,f,,3JRJSWSMQIETDXZLD6FLQQTMV6UE3U,AssignmentAccepted
5,2017-07-07 19:55:16.351444,,,,,,f,,3EF8EXOTT2O5EA7Y43CTZDRH2UCJ1S,AssignmentAccepted
6,2017-07-07 19:55:17.366307,,,,,,f,,30BUDKLTXEOWRCMPRP3E5NR692LE5K,AssignmentAccepted
7,2017-07-07 19:55:18.410671,,,,,,f,,3137ONMDKHYU79B98LM59KIVZBZGE4,AssignmentAccepted
8,2017-07-07 19:55:19.474134,,,,,,f,,3ZPPDN2SLWPFSZO1UFGVH3W8VY4E9B,AssignmentAccepted
9,2017-07-07 19:55:28.789634,,,,,,f,,3DL65MZB8E8HQXV46ZQMJTXG1J7ECS,AssignmentAccepted
10,2017-07-07 19:55:29.829926,,,,,,f,,3YOH7BII0A0GB6TET2WU7GYA6NJVKS,AssignmentAccepted
11,2017-07-07 19:55:30.849326,,,,,,f,,326O153BMJRRVP1I6VLX3ZFYMJJEDS,AssignmentAccepted
12,2017-07-07 19:55:31.986369,,,,,,f,,37UEWGM5HU1MCYQBC8L214D8CB6R1S,AssignmentAccepted
13,2017-07-07 19:55:33.328864,,,,,,f,,3K5TEWLKGW4P5B3QTZBIU0JXEJUVIH,AssignmentAccepted
14,2017-07-07 19:55:34.374113,,,,,,f,,36WLNQG7803YGS3YSZUR89RYJY7EBL,AssignmentAccepted
15,2017-07-07 19:55:36.978599,,,,,,f,,3SUWZRL0MZ6SAGM3W8DJXT565XWE60,AssignmentAccepted
16,2017-07-07 19:55:38.00134,,,,,,f,,3ATPCQ38J93R3NFXMM6PK1Z8JSRYAP,AssignmentAccepted
17,2017-07-07 19:55:39.078209,,,,,,f,,3A0EX8ZRN9HWMXKPS06LFCJE1ACYBK,AssignmentAccepted
18,2017-07-07 19:55:40.139427,,,,,,f,,36AHBNMV1S5P1UI96WXRA27E4VOYDR,AssignmentAccepted
19,2017-07-07 19:55:41.170483,,,,,,f,,3DIP6YHAPDLFEU5RPNAHH71XBSME8M,AssignmentAccepted
20,2017-07-07 19:55:42.188575,,,,,,f,,3I3WADAZ9RXI33ZEL36AAZLKD4RO5Y,AssignmentAccepted
21,2017-07-07 19:55:43.263152,,,,,,f,,3NOKK93PR21WNVFI2QWH9HXJMVKEEL,AssignmentAccepted
22,2017-07-07 19:55:44.288742,,,,,,f,,3180JW2OT5542S8H5QE5234YEAHJ5A,AssignmentAccepted
23,2017-07-07 19:55:47.187541,,,,,,f,,3RUIQRXJBCHOZ7Z20Y6PZ7DN4PMLL2,AssignmentAccepted
24,2017-07-07 19:55:48.216752,,,,,,f,,388U7OUMF8UM595TGPH2NZUY7J0R0P,AssignmentAccepted
25,2017-07-07 19:55:49.254786,,,,,,f,,3KJYX6QCMA4L0MNWBHWI61YXRYJVJT,AssignmentAccepted
26,2017-07-07 19:55:59.477468,,,,,,f,,31HQ4X3T3T3B3KUSK73QBTRIWJULSG,AssignmentAccepted
27,2017-07-07 19:56:00.516379,,,,,,f,,326O153BMJRRVP1I6VLX3ZFYMJJEDS,AssignmentReturned
28,2017-07-07 19:56:01.583774,,,,,,f,,326O153BMJRRVP1I6VLX3ZFYMJJEDS,AssignmentAccepted
29,2017-07-07 19:56:02.630455,,,,,,f,,388U7OUMF8UM595TGPH2NZUY7J10RZ,AssignmentAccepted
30,2017-07-07 19:56:12.442217,,,,,,f,,3JZQSN0I3R3MDNB53W6BR23VBCEGFM,AssignmentAccepted
31,2017-07-07 19:56:13.462398,,,,,,f,,3JV9LGBJWU7GJ0OY2ZP1EWC93D5GO8,AssignmentAccepted
32,2017-07-07 19:56:14.49776,,,,,,f,,31LVTDXBL83Z25UF5I3LLJMMAHBRLY,AssignmentAccepted
33,2017-07-07 19:56:15.523262,,,,,,f,,3TR2532VIQN0LW8VA9OAU9IYA5SJ6Q,AssignmentAccepted
34,2017-07-07 19:56:16.536289,,,,,,f,,3B1NLC6UG0PY400ZHZ2G3WHZDI1GPP,AssignmentAccepted
35,2017-07-07 19:56:17.594628,,,,,,f,,3PW9OPU9PRD58E9QXI610W500JR12O,AssignmentAccepted
36,2017-07-07 19:56:18.627709,,,,,,f,,3WI0P0II62LG4T6NS15X26EH189RDI,AssignmentAccepted
37,2017-07-07 19:56:19.715472,,,,,,f,,3U088ZLJVLMRD5MFFJR8AY2FZYG0W2,AssignmentAccepted
38,2017-07-07 19:56:20.765916,,,,,,f,,3H0W84IWBLVLWZKNOWGH8OW21KAREB,AssignmentAccepted
39,2017-07-07 19:56:21.791122,,,,,,f,,33TIN5LC053DY45SUGSPO6OODA9Y9A,AssignmentAccepted
40,2017-07-07 19:56:22.828143,,,,,,f,,36ZN444YTSRUFRUTSNP4Z8PPIQXOI8,AssignmentAccepted
41,2017-07-07 19:56:23.867965,,,,,,f,,3KIBXJ1WD6NLLMKHSQAGCO42AUMOKJ,AssignmentAccepted
42,2017-07-07 19:56:24.934813,,,,,,f,,30ZX6P7VF9OC3VPUN7C74W1MU0QJ29,AssignmentAccepted
43,2017-07-07 19:56:25.974732,,,,,,f,,30LB5CDZND3V70RKQ6BF92WXG0K0ZS,AssignmentAccepted
44,2017-07-07 19:56:27.001769,,,,,,f,,3H7Z272LX80EQSE0SQZWGOM79ZNLP0,AssignmentAccepted
45,2017-07-07 19:56:28.033875,,,,,,f,,35K3O9HUAC6OT9FEX1GNRZIJYWZEF3,AssignmentAccepted
46,2017-07-07 19:56:29.074672,,,,,,f,,3L4D84MIL0LGILSC6SFER07OJJ8JHR,AssignmentAccepted
47,2017-07-07 19:56:30.10234,,,,,,f,,37TRT2X24RK6R8PQ605I5P4QO63JBB,AssignmentAccepted
48,2017-07-07 19:56:31.151408,,,,,,f,,38BQUHLA9XTGBAKKD2NWR1W6ZZHOMO,AssignmentAccepted
49,2017-07-07 19:56:32.181665,,,,,,f,,333U7HK6IA8Z65NAKWWO0FSQRRFJDI,AssignmentAccepted
50,2017-07-07 19:56:33.210211,,,,,,f,,333U7HK6IA8Z65NAKWWO0FSQRRFJDI,AssignmentReturned
51,2017-07-07 19:56:34.273315,,,,,,f,,36ZN444YTSRUFRUTSNP4Z8PPIQXOI8,AssignmentReturned
52,2017-07-07 19:56:35.317969,,,,,,f,,36ZN444YTSRUFRUTSNP4Z8PPIQXOI8,AssignmentAccepted
53,2017-07-07 19:56:36.366732,,,,,,f,,333U7HK6IA8Z65NAKWWO0FSQRRFJDI,AssignmentAccepted
54,2017-07-07 19:56:37.403999,,,,,,f,,3A0EX8ZRN9HWMXKPS06LFCJE1ACYBK,AssignmentReturned
55,2017-07-07 19:56:38.444593,,,,,,f,,3KIBXJ1WD6NLLMKHSQAGCO42AUMOKJ,AssignmentReturned
56,2017-07-07 19:56:39.535724,,,,,,f,,3ZSY5X72NY478QXCIAJDD0QG5MGROF,AssignmentAccepted
57,2017-07-07 19:56:40.556805,,,,,,f,,3YDTZAI2WY9FBSOD1WPPTB2YKXN14K,AssignmentAccepted
58,2017-07-07 19:56:41.596206,,,,,,f,,30MVJZJNHN6N3FAT8GRMEJ90060J91,AssignmentAccepted
59,2017-07-07 19:56:42.635475,,,,,,f,,337RC3OW06VRVCBWE28VMGBPVNOLVL,AssignmentAccepted
60,2017-07-07 19:56:43.671118,,,,,,f,,340UGXU9DZUUE2YQNG0WD3788EHVUP,AssignmentAccepted
61,2017-07-07 19:56:44.69601,,,,,,f,,3DL65MZB8E8HQXV46ZQMJTXG1J7ECS,AssignmentReturned
62,2017-07-07 19:56:45.736309,,,,,,f,,3DL65MZB8E8HQXV46ZQMJTXG1J7ECS,AssignmentAccepted
63,2017-07-07 19:56:46.752926,,,,,,f,,358010RM5FMMV6SLSLBJXA6C2WYVXH,AssignmentAccepted
64,2017-07-07 19:56:47.792229,,,,,,f,,3YJ6NA41JC98V2Q0P5NJ099F5AIJPW,AssignmentAccepted
65,2017-07-07 19:56:48.835638,,,,,,f,,386PBUZZXGQI4HB2XDUCJS0V00HJLY,AssignmentAccepted
66,2017-07-07 19:56:49.852571,,,,,,f,,3ZQIG0FLQF9766NVIGFXVRS5TUSVWO,AssignmentAccepted
67,2017-07-07 19:56:50.892003,,,,,,f,,34X6J5FLPURTVERFPI280EZPA64JQN,AssignmentAccepted
68,2017-07-07 19:56:51.929642,,,,,,f,,3ZV9H2YQQE0NUXLCY69RCW0M2AZW3S,AssignmentAccepted
69,2017-07-07 19:56:52.957093,,,,,,f,,3HVVDCPGTFLWIJE6SMX6F6P07HCYTA,AssignmentAccepted
70,2017-07-07 19:56:54.005584,,,,,,f,,3TYCR1GOTDC84WG6FZXY7MOLJYULZL,AssignmentAccepted
71,2017-07-07 19:56:55.627349,,,,,,f,,3MMN5BL1W0XRPLRYU4343YYV48LM3R,AssignmentAccepted
72,2017-07-07 19:56:56.657199,,,,,,f,,31EUONYN2WWZ1XETRUONEXFJQSTOV5,AssignmentAccepted
73,2017-07-07 19:56:57.669231,,,,,,f,,3U088ZLJVLMRD5MFFJR8AY2FZYG0W2,AssignmentReturned
74,2017-07-07 19:56:58.748033,,,,,,f,,3ZAK8W07I57EL1XAKJC7SAHIEI50U3,AssignmentAccepted
75,2017-07-07 19:56:59.776082,,,,,,f,,3VFJCI1K40SJGDGEUR658RHEE0PRGS,AssignmentAccepted
76,2017-07-07 19:57:00.799639,,,,,,f,,3PS7W85Z80VHHI6YKA5QGPW9Y8RT9G,AssignmentAccepted
77,2017-07-07 19:57:01.847879,,,,,,f,,3WLEIWSYHPAGCPU4Z79MSJL7H8MH22,AssignmentAccepted
78,2017-07-07 19:57:02.902916,,,,,,f,,3R5F3LQFV3DGAHJ3SRDQZ3SFE3ZOZ5,AssignmentAccepted
79,2017-07-07 19:57:03.938894,,,,,,f,,3DR23U6WE67YCEXFSLLC83XKP57TEQ,AssignmentAccepted
80,2017-07-07 19:57:04.980156,,,,,,f,,39KFRKBFIOOG5R9YW5B7LWJD89VOYE,AssignmentAccepted
81,2017-07-07 19:57:06.009495,,,,,,f,,3R08VXYT7DO5VGMZ0ICHPDC27CLW7X,AssignmentAccepted
82,2017-07-07 19:57:07.034632,,,,,,f,,3U088ZLJVLMRD5MFFJR8AY2FZYG0W2,AssignmentAccepted
83,2017-07-07 19:57:08.084379,,,,,,f,,3907X2AHF1Y8P6SSIKHR1SNY3ZWP2F,AssignmentAccepted
84,2017-07-07 19:57:09.1713,,,,,,f,,3KJYX6QCMA4L0MNWBHWI61YXRYJJVH,AssignmentAccepted
85,2017-07-07 19:57:10.205949,,,,,,f,,3GDTJDAPVV4DQIX46LY0UF66KUDM8J,AssignmentAccepted
86,2017-07-07 19:57:11.234717,,,,,,f,,3VW6495TLKTSZ5D02SK5NNHFMJUYYZ,AssignmentAccepted
87,2017-07-07 19:57:12.283286,,,,,,f,,30LB5CDZND3V70RKQ6BF92WXG0JZ0Q,AssignmentAccepted
88,2017-07-07 19:57:13.315199,,,,,,f,,3TMFV4NEP979VURIAN4N3D8XIWRW8K,AssignmentAccepted
89,2017-07-07 19:57:14.373128,,,,,,f,,3A9AA95ATXF0O3BF03JPZZQAN9NP5G,AssignmentAccepted
90,2017-07-07 19:57:15.415622,,,,,,f,,3M0BCWMB8WPSXSPPDZOXUFYYQ2CWBJ,AssignmentAccepted
91,2017-07-07 19:57:16.466518,,,,,,f,,3WQ3B2KGE99ZWR9MGBZC1P84UP41BQ,AssignmentAccepted
92,2017-07-07 19:57:17.490336,,,,,,f,,33PPUNGG39YJ7UBJKJUUTYXKPQJRZH,AssignmentAccepted
93,2017-07-07 19:57:18.525851,,,,,,f,,3LUY3GC630TFB7PYOWYMXJ46EFIP7V,AssignmentAccepted
94,2017-07-07 19:57:19.573519,,,,,,f,,3U088ZLJVLMRD5MFFJR8AY2FZYG0W2,AssignmentReturned
95,2017-07-07 19:57:20.623801,,,,,,f,,3U088ZLJVLMRD5MFFJR8AY2FZYG0W2,AssignmentAccepted
96,2017-07-07 19:57:21.669277,,,,,,f,,3KAKFY4PGVV5T2179P5CB5RENZ23IT,AssignmentAccepted
97,2017-07-07 19:57:22.709961,,,,,,f,,3M0NZ3JDP2RU27DLNCHRQXSOX8UZ5B,AssignmentAccepted
98,2017-07-07 19:57:23.853108,,,,,,f,,33CID57105M7J39DUS2P3LJ643W3L7,AssignmentAccepted
99,2017-07-07 19:57:26.188351,,,,,,f,,3GDTJDAPVV4DQIX46LY0UF66KUDM8J,AssignmentReturned
100,2017-07-07 19:57:27.232484,,,,,,f,,3GDTJDAPVV4DQIX46LY0UF66KUDM8J,AssignmentAccepted
101,2017-07-07 19:57:28.260933,,,,,,f,,34PGFRQONP4YFBN11R1ES3HBY7LJWR,AssignmentAccepted
102,2017-07-07 19:57:29.314856,,,,,,f,,3XC1O3LBOTFCIK77978GLYN4Y28TLD,AssignmentAccepted
103,2017-07-07 19:57:30.33889,,,,,,f,,3U84XHCDID6C6O9L97YHL5MAXCZZ46,AssignmentAccepted
104,2017-07-07 19:57:31.350487,,,,,,f,,36WLNQG7803YGS3YSZUR89RYJY7EBL,AssignmentReturned
105,2017-07-07 19:57:32.389519,,,,,,f,,36WLNQG7803YGS3YSZUR89RYJY7EBL,AssignmentAccepted
106,2017-07-07 19:57:33.416611,,,,,,f,,30BXRYBRP5Q2O5SBDRYTGQ1WLFHWHZ,AssignmentAccepted
107,2017-07-07 19:57:34.448797,,,,,,f,,3R5F3LQFV3DGAHJ3SRDQZ3SFE3ZOZ5,AssignmentReturned
108,2017-07-07 19:57:35.47384,,,,,,f,,39N5ACM9HFGJPQDR3TW6BFVC956P97,AssignmentAccepted
109,2017-07-07 19:57:36.498261,,,,,,f,,3R5F3LQFV3DGAHJ3SRDQZ3SFE3ZOZ5,AssignmentAccepted
110,2017-07-07 19:57:37.536784,,,,,,f,,3MMN5BL1W0XRPLRYU4343YYV48M3M9,AssignmentAccepted
111,2017-07-07 19:57:38.579106,,,,,,f,,3WLEIWSYHPAGCPU4Z79MSJL7H8MH22,AssignmentReturned
112,2017-07-07 19:57:39.686568,,,,,,f,,3WLEIWSYHPAGCPU4Z79MSJL7H8MH22,AssignmentAccepted
113,2017-07-07 19:57:42.400653,,,,,,f,,3DY4FPOOA2H2YA69JM5R8SKO1FDRVH,AssignmentAccepted
114,2017-07-07 19:57:43.441097,,,,,,f,,3EO896NRAXO6NUJ76MW35JACUD3TJB,AssignmentAccepted
115,2017-07-07 19:57:44.469652,,,,,,f,,35GCEFQ6I6HROSQH9TTYB0U4JC3Z3L,AssignmentAccepted
116,2017-07-07 19:57:45.508235,,,,,,f,,39K0FND3AI8R96QJ3JIEQ6C1AIDMAN,AssignmentAccepted
117,2017-07-07 19:57:46.535439,,,,,,f,,35GCEFQ6I6HROSQH9TTYB0U4JC3Z3L,AssignmentReturned
118,2017-07-07 19:57:47.562971,,,,,,f,,35GCEFQ6I6HROSQH9TTYB0U4JC3Z3L,AssignmentAccepted
119,2017-07-07 19:57:48.602821,,,,,,f,,3DY4FPOOA2H2YA69JM5R8SKO1FDRVH,AssignmentReturned
120,2017-07-07 19:57:49.640838,,,,,,f,,3DY4FPOOA2H2YA69JM5R8SKO1FDRVH,AssignmentAccepted
121,2017-07-07 19:57:50.658382,,,,,,f,,3DY4FPOOA2H2YA69JM5R8SKO1FDRVH,AssignmentReturned
122,2017-07-07 19:57:51.695925,,,,,,f,,3SPJ033422W24GI1GSJ2D02R9FLJYQ,AssignmentAccepted
123,2017-07-07 19:57:52.710383,,,,,,f,,3NG53N1RLWCJBLUHY1QSBJ01PZOP8I,AssignmentAccepted
124,2017-07-07 19:57:53.732505,,,,,,f,,3ND9UOO81LV4A1B14CDR8IU32WQWL6,AssignmentAccepted
125,2017-07-07 19:57:54.807971,,,,,,f,,31JLPPHS2VNFPOCA7KIHV2N0Z813OO,AssignmentAccepted
126,2017-07-07 19:57:55.83733,,,,,,f,,3MMN5BL1W0XRPLRYU4343YYV48M3M9,AssignmentReturned
127,2017-07-07 19:57:56.862231,,,,,,f,,39KFRKBFIOOG5R9YW5B7LWJD89VOYE,AssignmentReturned
128,2017-07-07 19:57:57.867933,,,,,,f,,3ZDAD0O1T267IEOWNQB4WSIR5BITXZ,AssignmentAccepted
129,2017-07-07 19:57:58.9299,,,,,,f,,3DY4FPOOA2H2YA69JM5R8SKO1FDRVH,AssignmentAccepted
130,2017-07-07 19:57:59.953664,,,,,,f,,3ZGVPD4G6UAWN9OBO8ZPTDY2DBGTZW,AssignmentAccepted
131,2017-07-07 19:58:00.985498,,,,,,f,,3C44YUNSI2IVSGQ8F918XBE20QLPDO,AssignmentAccepted
132,2017-07-07 19:58:02.038219,,,,,,f,,3C44YUNSI2IVSGQ8F918XBE20QLPDO,AssignmentReturned
133,2017-07-07 19:58:03.077926,,,,,,f,,3C44YUNSI2IVSGQ8F918XBE20QLPDO,AssignmentAccepted
134,2017-07-07 19:58:04.120029,,,,,,f,,3XM0HYN6NLS0KM48B4CS3TWN02MPEH,AssignmentAccepted
135,2017-07-07 19:58:05.153144,,,,,,f,,3X4MXAO0BHHFDZ6E9WANUU328OFWRW,AssignmentAccepted
136,2017-07-07 19:58:12.339188,,,,,,f,,3QJOXOW4XKKUZJ7VJOK0MP2SVXBMEI,AssignmentAccepted
137,2017-07-07 19:58:13.371071,,,,,,f,,3R2PKQ87NX16FO9HF7AR740KNQIMIR,AssignmentAccepted
138,2017-07-07 19:58:14.426356,,,,,,f,,3NVC2EB65RSRJ2GCD7RFXTL2DI03YZ,AssignmentAccepted
139,2017-07-07 19:58:24.705943,,,,,,f,,3XC1O3LBOTFCIK77978GLYN4Y28TLD,AssignmentReturned
140,2017-07-07 19:58:25.722619,,,,,,f,,3XC1O3LBOTFCIK77978GLYN4Y28TLD,AssignmentAccepted
141,2017-07-07 19:58:26.747983,,,,,,f,,39KFRKBFIOOG5R9YW5B7LWJD89VOYE,AssignmentAccepted
142,2017-07-07 19:58:27.762197,,,,,,f,,3MMN5BL1W0XRPLRYU4343YYV48M3M9,AssignmentAccepted
143,2017-07-07 19:58:28.792959,,,,,,f,,35USIKEBNS9W4MZGP7G2NGZFJPY6NI,AssignmentAccepted
144,2017-07-07 19:58:29.832293,,,,,,f,,3LPW2N6LKUVDG8JBHPIJ95D9VQFU5H,AssignmentAccepted
145,2017-07-07 19:58:30.862915,,,,,,f,,3MD9PLUKKJ7YSWJRRCDDKESAOTUZN1,AssignmentAccepted
146,2017-07-07 19:58:31.895147,,,,,,f,,3GDTJDAPVV4DQIX46LY0UF66KUDM8J,AssignmentReturned
147,2017-07-07 19:58:32.920203,,,,,,f,,3TAYZSBPLM152Y8KA1LLWXS9QJ3S2Y,AssignmentAccepted
148,2017-07-07 19:58:33.962515,,,,,,f,,37C0GNLMHGWNIA830D2ZRBNL5LW6D0,AssignmentAccepted
149,2017-07-07 19:58:35.01902,,,,,,f,,3SKRO2GZ72K0PUDGMOC50SRUHJD1KA,AssignmentAccepted
150,2017-07-07 19:58:36.058562,,,,,,f,,3L4D84MIL0LGILSC6SFER07OJJ8JHR,AssignmentReturned
151,2017-07-07 19:58:37.080998,,,,,,f,,3L4D84MIL0LGILSC6SFER07OJJ8JHR,AssignmentAccepted
152,2017-07-07 19:58:38.104292,,,,,,f,,3L4D84MIL0LGILSC6SFER07OJJ8JHR,AssignmentReturned
153,2017-07-07 19:58:39.178555,,,,,,f,,3L4D84MIL0LGILSC6SFER07OJJ8JHR,AssignmentAccepted
154,2017-07-07 19:58:40.255408,,,,,,f,,3GDTJDAPVV4DQIX46LY0UF66KUDM8J,AssignmentAccepted
155,2017-07-07 19:58:52.662637,,,,,,f,,37TRT2X24RK6R8PQ605I5P4QO63JBB,AssignmentReturned
156,2017-07-07 19:58:53.671526,,,,,,f,,37Z929RLGA1ZMX2XTG5HXK1ZQWGTSR,AssignmentAccepted
157,2017-07-07 19:58:54.788848,,,,,,f,,37Z929RLGA1ZMX2XTG5HXK1ZQWGTSR,AssignmentReturned
158,2017-07-07 19:58:55.802555,,,,,,f,,37Z929RLGA1ZMX2XTG5HXK1ZQWGTSR,AssignmentAccepted
159,2017-07-07 19:58:56.829405,,,,,,f,,3VELCLL3GLCP98L2LDL8KFZP9NW1F8,AssignmentAccepted
160,2017-07-07 19:58:57.840716,,,,,,f,,3U5NZHP4LSVC4WVA15KYOWT0SIEPHX,AssignmentAccepted
161,2017-07-07 19:58:58.873048,,,,,,f,,36V4Q8R5ZLTJWMX0SFF0G6R6E0ZMQU,AssignmentAccepted
162,2017-07-07 19:58:59.909149,,,,,,f,,36V4Q8R5ZLTJWMX0SFF0G6R6E0ZMQU,AssignmentReturned
163,2017-07-07 19:59:00.928967,,,,,,f,,3R5F3LQFV3DGAHJ3SRDQZ3SFE3ZZOG,AssignmentAccepted
164,2017-07-07 19:59:01.969888,,,,,,f,,3YZ8UPK3VUFYFTSQWZ5RNBJJN71UCP,AssignmentAccepted
165,2017-07-07 19:59:02.998338,,,,,,f,,3907X2AHF1Y8P6SSIKHR1SNY3ZWP2F,AssignmentReturned
166,2017-07-07 19:59:04.027107,,,,,,f,,3907X2AHF1Y8P6SSIKHR1SNY3ZWP2F,AssignmentAccepted
167,2017-07-07 19:59:05.052791,,,,,,f,,3SKRO2GZ72K0PUDGMOC50SRUHJD1KA,AssignmentReturned
168,2017-07-07 19:59:06.082419,,,,,,f,,3SKRO2GZ72K0PUDGMOC50SRUHJD1KA,AssignmentAccepted
169,2017-07-07 19:59:07.132296,,,,,,f,,3A0EX8ZRN9HWMXKPS06LFCJE1ADBYY,AssignmentAccepted
170,2017-07-07 19:59:08.153695,,,,,,f,,3VFJCI1K40SJGDGEUR658RHEE0PRGS,AssignmentReturned
171,2017-07-07 19:59:11.125799,,,,,,f,,3E7TUJ2EGDFA0TA1YK5BBLENVM49DE,AssignmentAccepted
172,2017-07-07 19:59:14.683204,,,,,,f,,36V4Q8R5ZLTJWMX0SFF0G6R6E0ZMQU,AssignmentAccepted
173,2017-07-07 19:59:15.707507,,,,,,f,,39ZSFO5CA9PLN7YW6RMDAFWEDRAUJ3,AssignmentAccepted
174,2017-07-07 19:59:16.740417,,,,,,f,,3PMBY0YE28W0V14NYOA0RFW5AMSC9H,AssignmentAccepted
175,2017-07-07 19:59:17.754489,,,,,,f,,3SB4CE2TJWO23IPNHQKN1NSZHMXXAI,AssignmentAccepted
176,2017-07-07 19:59:35.146489,,,,,,f,,382M9COHEI8DCRC4SQBMDZJM8JEUEI,AssignmentAccepted
177,2017-07-07 19:59:36.167127,,,,,,f,,3YGXWBAF71AZYVYBHTE9A7LPOUEC4L,AssignmentAccepted
178,2017-07-07 19:59:37.20131,,,,,,f,,33FBRBDW6PS0HWLDTW4MRJ1UQGAC8S,AssignmentAccepted
179,2017-07-07 19:59:38.224551,,,,,,f,,3EG49X351V51GGDKRD3BLIQDL37X6S,AssignmentAccepted
180,2017-07-07 19:59:39.293649,,,,,,f,,3YGXWBAF71AZYVYBHTE9A7LPOUEC4L,AssignmentReturned
181,2017-07-07 19:59:40.343194,,,,,,f,,3YGXWBAF71AZYVYBHTE9A7LPOUEC4L,AssignmentAccepted
182,2017-07-07 19:59:41.366076,,,,,,f,,3KKG4CDWKJRX0XR8594I8HKHI9B49W,AssignmentAccepted
183,2017-07-07 19:59:42.383925,,,,,,f,,3EG49X351V51GGDKRD3BLIQDL37X6S,AssignmentReturned
184,2017-07-07 19:59:43.751463,,,,,,f,,3EG49X351V51GGDKRD3BLIQDL37X6S,AssignmentAccepted
185,2017-07-07 19:59:44.779091,,,,,,f,,34QN5IT0T0KGN4QXHGB2WIZTHRD08N,AssignmentAccepted
186,2017-07-07 19:59:45.809413,,,,,,f,,3WT783CTPCAJJUJKW8OWILRVYMVCBR,AssignmentAccepted
187,2017-07-07 19:59:46.839789,,,,,,f,,3QFUFYSY9Z8617IL8V4AID6SL764FO,AssignmentAccepted
188,2017-07-07 19:59:47.854432,,,,,,f,,35BLDD71I7QB01S0T3Z4UVMNAWWZVI,AssignmentAccepted
189,2017-07-07 19:59:48.875503,,,,,,f,,3DH6GAKTYZIS4VN5YEMO1UQHSDYZYR,AssignmentAccepted
190,2017-07-07 19:59:49.923301,,,,,,f,,3OJSZ2ATDTPBIX7F4HP8ZDZPNFI75S,AssignmentAccepted
191,2017-07-07 19:59:50.954084,,,,,,f,,3A0EX8ZRN9HWMXKPS06LFCJE1ADBYY,AssignmentReturned
192,2017-07-07 19:59:51.982881,,,,,,f,,3Z7EFSHGNA7QWXML14GE7IINHPIXCK,AssignmentAccepted
193,2017-07-07 19:59:53.003903,,,,,,f,,3SB4CE2TJWO23IPNHQKN1NSZHMXXAI,AssignmentReturned
194,2017-07-07 19:59:54.052762,,,,,,f,,3Z7EFSHGNA7QWXML14GE7IINHPIXCK,AssignmentReturned
195,2017-07-07 19:59:55.129467,,,,,,f,,30BUDKLTXEOWRCMPRP3E5NR692LE5K,AssignmentReturned
196,2017-07-07 19:59:56.148686,,,,,,f,,30BUDKLTXEOWRCMPRP3E5NR692LE5K,AssignmentAccepted
197,2017-07-07 19:59:57.180167,,,,,,f,,3SB4CE2TJWO23IPNHQKN1NSZHMXXAI,AssignmentAccepted
198,2017-07-07 19:59:58.203329,,,,,,f,,3Z7EFSHGNA7QWXML14GE7IINHPIXCK,AssignmentAccepted
199,2017-07-07 19:59:59.239459,,,,,,f,,3IQ1VMJRYUDC2M7PEAE9LK6HAJ79AC,AssignmentAccepted
200,2017-07-07 20:00:00.276216,,,,,,f,,3NVC2EB65RSRJ2GCD7RFXTL2DI03YZ,AssignmentReturned
201,2017-07-07 20:00:01.323613,,,,,,f,,3GDTJDAPVV4DQIX46LY0UF66KUDM8J,AssignmentReturned
202,2017-07-07 20:00:02.658181,,,,,,f,,3E47SOBEYRPT62XQ2IGD48V8TCFCI0,AssignmentAccepted
203,2017-07-07 20:00:03.689929,,,,,,f,,34T446B1C17IZ7GAYSR7Y4VC7IY0CT,AssignmentAccepted
204,2017-07-07 20:00:10.501664,,,,,,f,,3NPFYT4IZDX3D92Q3QCXX932FHAXGU,AssignmentAccepted
205,2017-07-07 20:00:11.522654,,,,,,f,,386PBUZZXGQI4HB2XDUCJS0V00HJLY,AssignmentReturned
206,2017-07-07 20:00:12.637191,,,,,,f,,386PBUZZXGQI4HB2XDUCJS0V00HJLY,AssignmentAccepted
207,2017-07-07 20:00:13.687382,,,,,,f,,3QY7M81QH8FE0GSIB4TE12I7K5D7KD,AssignmentAccepted
208,2017-07-07 20:00:14.740121,,,,,,f,,32VNZTT0A8X34XNUZQ44Z2KBOVH4RJ,AssignmentAccepted
209,2017-07-07 20:00:15.81938,,,,,,f,,3C5W7UE9CGJ35JYCETASAENZB3MXM2,AssignmentAccepted
210,2017-07-07 20:00:16.843382,,,,,,f,,3A0EX8ZRN9HWMXKPS06LFCJE1ADBYY,AssignmentAccepted
211,2017-07-07 20:00:17.864749,,,,,,f,,3TVRFO09GL8JZ1GREH9DA18ABYWXL0,AssignmentAccepted
212,2017-07-07 20:00:18.879666,,,,,,f,,3L4D84MIL0LGILSC6SFER07OJJ8JHR,AssignmentReturned
213,2017-07-07 20:00:19.919941,,,,,,f,,3L4D84MIL0LGILSC6SFER07OJJ8JHR,AssignmentAccepted
214,2017-07-07 20:00:20.960618,,,,,,f,,3OSWBBLG1FQ01PSZ10BPRO052PUXDK,AssignmentAccepted
215,2017-07-07 20:00:22.000851,,,,,,f,,3OCHAWUVGPD8FVY9THXCV1VVMYRXKX,AssignmentAccepted
216,2017-07-07 20:00:23.018185,,,,,,f,,3OSWBBLG1FQ01PSZ10BPRO052PUXDK,AssignmentReturned
217,2017-07-07 20:00:24.052836,,,,,,f,,3CN4LGXD5YHC1YZGDLWY7YD8RIW4YL,AssignmentAccepted
218,2017-07-07 20:00:25.125813,,,,,,f,,3JZQSN0I3R3MDNB53W6BR23VBCEGFM,AssignmentReturned
219,2017-07-07 20:00:26.169617,,,,,,f,,340UGXU9DZUUE2YQNG0WD3788EHVUP,AssignmentReturned
220,2017-07-07 20:00:27.192595,,,,,,f,,3GDTJDAPVV4DQIX46LY0UF66KUDM8J,AssignmentAccepted
221,2017-07-07 20:00:30.885555,,,,,,f,,3IHR8NYAM8UISK7FMY0FU7KWNDT4PR,AssignmentAccepted
222,2017-07-07 20:00:31.965676,,,,,,f,,3X4JMASXCN2ZP2O4KSVCNKPUPXY0BM,AssignmentAccepted
223,2017-07-07 20:00:33.076084,,,,,,f,,34HJIJKLP6PVX44B8A9E0Z9E91U4VC,AssignmentAccepted
224,2017-07-07 20:00:34.1026,,,,,,f,,3OSWBBLG1FQ01PSZ10BPRO052PUXDK,AssignmentAccepted
225,2017-07-07 20:00:35.166824,,,,,,f,,3JZQSN0I3R3MDNB53W6BR23VBCEGFM,AssignmentAccepted
226,2017-07-07 20:00:36.206663,,,,,,f,,30LB5CDZND3V70RKQ6BF92WXG0JZ0Q,AssignmentReturned
227,2017-07-07 20:00:37.232541,,,,,,f,,340UGXU9DZUUE2YQNG0WD3788EHVUP,AssignmentAccepted
228,2017-07-07 20:00:50.162294,,,,,,f,,30LB5CDZND3V70RKQ6BF92WXG0JZ0Q,AssignmentAccepted
229,2017-07-07 20:00:59.209086,,,,,,f,,3NGMS9VZTMBGZNFASC0T9H3JAXFFFN,AssignmentAccepted
230,2017-07-07 20:01:03.578375,,,,,,f,,3TS1AR6UQR73KU04AT2HLPQ2C9WF7J,AssignmentAccepted
231,2017-07-07 20:01:04.612281,,,,,,f,,386PBUZZXGQI4HB2XDUCJS0V00HJLY,AssignmentReturned
232,2017-07-07 20:01:05.653214,,,,,,f,,386PBUZZXGQI4HB2XDUCJS0V00HJLY,AssignmentAccepted
233,2017-07-07 20:01:06.698209,,,,,,f,,3DIP6YHAPDLFEU5RPNAHH71XBSME8M,AssignmentReturned
234,2017-07-07 20:01:07.716022,,,,,,f,,3DIP6YHAPDLFEU5RPNAHH71XBSME8M,AssignmentAccepted
235,2017-07-07 20:01:08.735024,,,,,,f,,358UUM7WR0W0NK5D1O2B2E4LFX77R6,AssignmentAccepted
236,2017-07-07 20:01:09.836654,,,,,,f,,3N2BF7Y2VRN6JTYX9PS67SZ5ND4HMU,AssignmentAccepted
237,2017-07-07 20:01:16.407411,,,,,,f,,3OCHAWUVGPD8FVY9THXCV1VVMYRXKX,AssignmentReturned
238,2017-07-07 20:01:17.444555,,,,,,f,,3OCHAWUVGPD8FVY9THXCV1VVMYRXKX,AssignmentAccepted
239,2017-07-07 20:01:18.467249,,,,,,f,,3JZQSN0I3R3MDNB53W6BR23VBCEGFM,AssignmentReturned
240,2017-07-07 20:01:19.48839,,,,,,f,,3JZQSN0I3R3MDNB53W6BR23VBCEGFM,AssignmentAccepted
241,2017-07-07 20:01:21.670398,,,,,,f,,3LWJHTCVCDFDQC5J6SBNLG7XHZOFQH,AssignmentAccepted
242,2017-07-07 20:01:28.205704,,,,,,f,,3K4J6M3CXFMRHWUXSGKJD1S4EW2AG4,AssignmentAccepted
243,2017-07-07 20:01:31.04552,,,,,,f,,3IHR8NYAM8UISK7FMY0FU7KWNDT4PR,AssignmentReturned
244,2017-07-07 20:01:32.05521,,,,,,f,,3GDTJDAPVV4DQIX46LY0UF66KUDM8J,AssignmentReturned
245,2017-07-07 20:01:33.098883,,,,,,f,,3GDTJDAPVV4DQIX46LY0UF66KUDM8J,AssignmentAccepted
246,2017-07-07 20:01:34.134751,,,,,,f,,39L1G8WVWRKUTW591IK6J6AS6XR311,AssignmentAccepted
247,2017-07-07 20:01:40.297979,,,,,,f,,3IHR8NYAM8UISK7FMY0FU7KWNDT4PR,AssignmentAccepted
248,2017-07-07 20:01:41.305353,,,,,,f,,3DI28L7YXB7X3UL6Q2122XEPXMGE12,AssignmentReturned
249,2017-07-07 20:01:42.349016,,,,,,f,,30MVJZJNHN6N3FAT8GRMEJ90060J91,AssignmentReturned
250,2017-07-07 20:01:43.387036,,,,,,f,,3DI28L7YXB7X3UL6Q2122XEPXMGE12,AssignmentAccepted
251,2017-07-07 20:01:44.415905,,,,,,f,,3FIJLY1B6VXSQ0446FWYLBHNC32FPQ,AssignmentAccepted
252,2017-07-07 20:01:45.45242,,,,,,f,,3GDTJDAPVV4DQIX46LY0UF66KUDM8J,AssignmentReturned
253,2017-07-07 20:01:53.020149,,,,,,f,,3UJ1CZ6IZIIX1VR7SKNJU4VLATV5SD,AssignmentAccepted
254,2017-07-07 20:01:54.084629,,,,,,f,,3LRLIPTPER2WJIQGI75YBTKXLDJAK7,AssignmentAccepted
255,2017-07-07 20:01:55.108757,,,,,,f,,3UJ1CZ6IZIIX1VR7SKNJU4VLATV5SD,AssignmentReturned
256,2017-07-07 20:01:56.137528,,,,,,f,,3UJ1CZ6IZIIX1VR7SKNJU4VLATV5SD,AssignmentAccepted
257,2017-07-07 20:01:57.334567,,,,,,f,,3DH6GAKTYZIS4VN5YEMO1UQHSDYZYR,AssignmentSubmitted
258,2017-07-07 20:02:01.389001,,,,,,f,,3HOSI13XH0HM3JNIA0ADXHXDM7JDDZ,AssignmentAccepted
259,2017-07-07 20:02:03.529558,,,,,,f,,339ANSOTR6VBP09EUVXBSR8GYLOKIL,AssignmentAccepted
260,2017-07-07 20:02:04.562117,,,,,,f,,3VE8AYVF8NQ7K85NKYUNZPMXNT28FZ,AssignmentAccepted
261,2017-07-07 20:02:05.592641,,,,,,f,,339ANSOTR6VBP09EUVXBSR8GYLOKIL,AssignmentReturned
262,2017-07-07 20:02:24.392422,,,,,,f,,3GDTJDAPVV4DQIX46LY0UF66KUDM8J,AssignmentAccepted
263,2017-07-07 20:02:25.421469,,,,,,f,,3X3OR7WPZ0TTK0FJ69XLU2RHKPO8L4,AssignmentAccepted
264,2017-07-07 20:02:34.037272,,,,,,f,,31UV0MXWNR587HOBN8T5Q2PY1VTI5Y,AssignmentAccepted
265,2017-07-07 20:02:41.504705,,,,,,f,,340UGXU9DZUUE2YQNG0WD3788EHVUP,AssignmentReturned
266,2017-07-07 20:02:42.569134,,,,,,f,,3MD9PLUKKJ7YSWJRRCDDKESAOTUZN1,AssignmentReturned
267,2017-07-07 20:02:56.948902,,,,,,f,,3UJ1CZ6IZIIX1VR7SKNJU4VLATV5SD,AssignmentReturned
268,2017-07-07 20:02:57.968662,,,,,,f,,3UJ1CZ6IZIIX1VR7SKNJU4VLATV5SD,AssignmentAccepted
269,2017-07-07 20:02:58.987681,,,,,,f,,3TVRFO09GL8JZ1GREH9DA18ABYWXL0,AssignmentReturned
270,2017-07-07 20:03:00.032869,,,,,,f,,3TVRFO09GL8JZ1GREH9DA18ABYWXL0,AssignmentAccepted
271,2017-07-07 20:03:01.075418,,,,,,f,,340UGXU9DZUUE2YQNG0WD3788EHVUP,AssignmentAccepted
272,2017-07-07 20:03:04.53795,,,,,,f,,3E337GFOLA1Y1FOM1KPOZ7C4D31NG1,AssignmentAccepted
273,2017-07-07 20:03:05.568301,,,,,,f,,33TIN5LC053DY45SUGSPO6OODA9Y9A,AssignmentReturned
274,2017-07-07 20:03:06.583961,,,,,,f,,33TIN5LC053DY45SUGSPO6OODA9Y9A,AssignmentAccepted
275,2017-07-07 20:03:07.637572,,,,,,f,,3IHR8NYAM8UISK7FMY0FU7KWNDT4PR,AssignmentReturned
276,2017-07-07 20:03:08.708074,,,,,,f,,34HJIJKLP6PVX44B8A9E0Z9E91U4VC,AssignmentReturned
277,2017-07-07 20:03:13.840363,,,,,,f,,3VE8AYVF8NQ7K85NKYUNZPMXNT28FZ,AssignmentReturned
278,2017-07-07 20:03:14.917601,,,,,,f,,32VNZTT0A8X34XNUZQ44Z2KBOVH4RJ,AssignmentReturned
279,2017-07-07 20:03:30.087436,,,,,,f,,3FIJLY1B6VXSQ0446FWYLBHNC32FPQ,AssignmentReturned
280,2017-07-07 20:03:31.119411,,,,,,f,,3FIJLY1B6VXSQ0446FWYLBHNC32FPQ,AssignmentAccepted
281,2017-07-07 20:03:32.17594,,,,,,f,,3YWRV122CTSW3Q2DFNPMLPN0XGH8UY,AssignmentAccepted
282,2017-07-07 20:03:33.198825,,,,,,f,,3DQQ64TANHEU1MQZW46YPZ3N76SPWY,AssignmentAccepted
283,2017-07-07 20:03:34.251575,,,,,,f,,3YWRV122CTSW3Q2DFNPMLPN0XGH8UY,AssignmentReturned
284,2017-07-07 20:03:35.285629,,,,,,f,,3FIJLY1B6VXSQ0446FWYLBHNC32FPQ,AssignmentReturned
285,2017-07-07 20:03:36.313334,,,,,,f,,3FIJLY1B6VXSQ0446FWYLBHNC32FPQ,AssignmentAccepted
286,2017-07-07 20:03:37.331074,,,,,,f,,3YWRV122CTSW3Q2DFNPMLPN0XGH8UY,AssignmentAccepted
287,2017-07-07 20:03:38.35918,,,,,,f,,3BWI6RSP7H2BEG08FIIB375208HE70,AssignmentAccepted
288,2017-07-07 20:03:46.48914,,,,,,f,,3JZQSN0I3R3MDNB53W6BR23VBCEGFM,AssignmentReturned
289,2017-07-07 20:03:49.225889,,,,,,f,,33L7PJKHCHRH3DNOFIZCGT1YE2AT8S,AssignmentAccepted
290,2017-07-07 20:03:58.03239,,,,,,f,,340UGXU9DZUUE2YQNG0WD3788EIVUQ,AssignmentAccepted
291,2017-07-07 20:03:59.079039,,,,,,f,,3SKRO2GZ72K0PUDGMOC50SRUHJD1KA,AssignmentReturned
292,2017-07-07 20:04:00.144296,,,,,,f,,3OJSZ2ATDTPBIX7F4HP8ZDZPNFI75S,AssignmentReturned
293,2017-07-07 20:04:06.185093,,,,,,f,,3TR2532VIQN0LW8VA9OAU9IYA5SJ6Q,AssignmentReturned
294,2017-07-07 20:04:09.336289,,,,,,f,,35USIKEBNS9W4MZGP7G2NGZFJPY6NI,AssignmentReturned
295,2017-07-07 20:04:10.391039,,,,,,f,,35USIKEBNS9W4MZGP7G2NGZFJPY6NI,AssignmentAccepted
296,2017-07-07 20:04:11.422992,,,,,,f,,3F0BG9B9MQG9KLHZFJU5AAXIIKMY7Z,AssignmentAccepted
297,2017-07-07 20:04:12.472343,,,,,,f,,3LS2AMNW5GJ7WPIC5VUD8AGB90FOQC,AssignmentAccepted
298,2017-07-07 20:04:13.503488,,,,,,f,,3JZQSN0I3R3MDNB53W6BR23VBCEGFM,AssignmentAccepted
299,2017-07-07 20:04:25.192818,,,,,,f,,3PW9OPU9PRD58E9QXI610W500JS12P,AssignmentAccepted
300,2017-07-07 20:04:26.215852,,,,,,f,,37M28K1J0R618YKY0M5MAEKK6OJJAH,AssignmentAccepted
301,2017-07-07 20:04:29.755667,,,,,,f,,38YMOXR4MVSMRG8UH87PJZC6C12W6Z,AssignmentAccepted
302,2017-07-07 20:04:30.950611,,,,,,f,,34HJIJKLP6PVX44B8A9E0Z9E91U4VC,AssignmentAccepted
303,2017-07-07 20:04:31.967651,,,,,,f,,3OB0CAO74II6DANBSSGH1NMCWNIYH1,AssignmentAccepted
304,2017-07-07 20:04:33.221121,,,,,,f,,3BEFOD78W7MC7HA2UI8ND3Q1I8IM4D,AssignmentAccepted
305,2017-07-07 20:04:34.258062,,,,,,f,,3PW9OPU9PRD58E9QXI610W500JS12P,AssignmentReturned
306,2017-07-07 20:04:35.284548,,,,,,f,,37M28K1J0R618YKY0M5MAEKK6OJJAH,AssignmentReturned
307,2017-07-07 20:04:43.826945,,,,,,f,,3PW9OPU9PRD58E9QXI610W500JS12P,AssignmentAccepted
308,2017-07-07 20:04:51.007901,,,,,,f,,3GDTJDAPVV4DQIX46LY0UF66KUDM8J,AssignmentReturned
309,2017-07-07 20:04:52.023222,,,,,,f,,3TR2532VIQN0LW8VA9OAU9IYA5SJ6Q,AssignmentAccepted
310,2017-07-07 20:05:00.995851,,,,,,f,,3SKRO2GZ72K0PUDGMOC50SRUHJD1KA,AssignmentAccepted
311,2017-07-07 20:05:02.192618,,,,,,f,,3OJSZ2ATDTPBIX7F4HP8ZDZPNFI75S,AssignmentAccepted
312,2017-07-07 20:05:03.229614,,,,,,f,,3LRLIPTPER2WJIQGI75YBTKXLDJAK7,AssignmentReturned
313,2017-07-07 20:05:04.254544,,,,,,f,,3LRLIPTPER2WJIQGI75YBTKXLDJAK7,AssignmentAccepted
314,2017-07-07 20:05:05.274638,,,,,,f,,3Z7EFSHGNA7QWXML14GE7IINHPIXCK,AssignmentReturned
315,2017-07-07 20:05:06.304955,,,,,,f,,3LS2AMNW5GJ7WPIC5VUD8AGB90FOQC,AssignmentReturned
316,2017-07-07 20:05:07.31329,,,,,,f,,3Z7EFSHGNA7QWXML14GE7IINHPIXCK,AssignmentAccepted
317,2017-07-07 20:05:08.335997,,,,,,f,,3R08VXYT7DO5VGMZ0ICHPDC27CLW7X,AssignmentReturned
318,2017-07-07 20:05:09.393344,,,,,,f,,3R08VXYT7DO5VGMZ0ICHPDC27CLW7X,AssignmentAccepted
319,2017-07-07 20:05:17.528958,,,,,,f,,37TRT2X24RK6R8PQ605I5P4QO64BJ4,AssignmentAccepted
320,2017-07-07 20:05:18.55128,,,,,,f,,3GDTJDAPVV4DQIX46LY0UF66KUEM8K,AssignmentAccepted
321,2017-07-07 20:05:38.335254,,,,,,f,,333U7HK6IA8Z65NAKWWO0FSQRRFJDI,AssignmentReturned
322,2017-07-07 20:05:39.393646,,,,,,f,,30BXRYBRP5Q2O5SBDRYTGQ1WLFHWHZ,AssignmentSubmitted
323,2017-07-07 20:05:50.426377,,,,,,f,,3A0EX8ZRN9HWMXKPS06LFCJE1ADBYY,AssignmentReturned
324,2017-07-07 20:05:56.295957,,,,,,f,,3HVVDCPGTFLWIJE6SMX6F6P07HDTY6,AssignmentAccepted
325,2017-07-07 20:05:57.338205,,,,,,f,,3HVVDCPGTFLWIJE6SMX6F6P07HDTY6,AssignmentReturned
326,2017-07-07 20:06:19.063556,,,,,,f,,34HJIJKLP6PVX44B8A9E0Z9E91U4VC,AssignmentReturned
327,2017-07-07 20:06:20.087176,,,,,,f,,35GCEFQ6I6HROSQH9TTYB0U4JC3Z3L,AssignmentReturned
328,2017-07-07 20:06:26.941141,,,,,,f,,33L7PJKHCHRH3DNOFIZCGT1YE2AT8S,AssignmentReturned
329,2017-07-07 20:06:27.967026,,,,,,f,,38YMOXR4MVSMRG8UH87PJZC6C12W6Z,AssignmentReturned
330,2017-07-07 20:06:31.211315,,,,,,f,,33PPUNGG39YJ7UBJKJUUTYXKPQJRZH,AssignmentReturned
331,2017-07-07 20:06:32.251099,,,,,,f,,3FIJLY1B6VXSQ0446FWYLBHNC32FPQ,AssignmentReturned
332,2017-07-07 20:06:33.263443,,,,,,f,,39L1G8WVWRKUTW591IK6J6AS6XR311,AssignmentReturned
333,2017-07-07 20:06:34.566413,,,,,,f,,3XC1O3LBOTFCIK77978GLYN4Y28TLD,AssignmentReturned
334,2017-07-07 20:06:53.770772,,,,,,f,,3C44YUNSI2IVSGQ8F918XBE20QLPDO,AssignmentReturned
335,2017-07-07 20:06:56.59739,,,,,,f,,3EF8EXOTT2O5EA7Y43CTZDRH2UCJ1S,AssignmentSubmitted
336,2017-07-07 20:06:58.732229,,,,,,f,,3DR23U6WE67YCEXFSLLC83XKP57TEQ,AssignmentSubmitted
337,2017-07-07 20:07:00.998534,,,,,,f,,3H7Z272LX80EQSE0SQZWGOM79ZNLP0,AssignmentSubmitted
338,2017-07-07 20:07:03.157802,,,,,,f,,3ATPCQ38J93R3NFXMM6PK1Z8JSRYAP,AssignmentSubmitted
339,2017-07-07 20:07:05.19598,,,,,,f,,36AHBNMV1S5P1UI96WXRA27E4VOYDR,AssignmentSubmitted
340,2017-07-07 20:07:07.328941,,,,,,f,,38BQUHLA9XTGBAKKD2NWR1W6ZZHOMO,AssignmentSubmitted
341,2017-07-07 20:07:09.290402,,,,,,f,,3WI0P0II62LG4T6NS15X26EH189RDI,AssignmentSubmitted
342,2017-07-07 20:07:11.447823,,,,,,f,,3ZAK8W07I57EL1XAKJC7SAHIEI50U3,AssignmentSubmitted
343,2017-07-07 20:07:13.410645,,,,,,f,,3180JW2OT5542S8H5QE5234YEAHJ5A,AssignmentSubmitted
344,2017-07-07 20:07:15.425924,,,,,,f,,3SPJ033422W24GI1GSJ2D02R9FLJYQ,AssignmentSubmitted
345,2017-07-07 20:07:17.605968,,,,,,f,,3U088ZLJVLMRD5MFFJR8AY2FZYG0W2,AssignmentSubmitted
346,2017-07-07 20:07:19.578725,,,,,,f,,3RUIQRXJBCHOZ7Z20Y6PZ7DN4PMLL2,AssignmentSubmitted
347,2017-07-07 20:07:21.415545,,,,,,f,,3X4JMASXCN2ZP2O4KSVCNKPUPXY0BM,AssignmentSubmitted
348,2017-07-07 20:07:23.48609,,,,,,f,,3MMN5BL1W0XRPLRYU4343YYV48LM3R,AssignmentSubmitted
349,2017-07-07 20:07:25.352875,,,,,,f,,30ZX6P7VF9OC3VPUN7C74W1MU0QJ29,AssignmentSubmitted
350,2017-07-07 20:07:27.406083,,,,,,f,,358010RM5FMMV6SLSLBJXA6C2WYVXH,AssignmentSubmitted
351,2017-07-07 20:07:29.388951,,,,,,f,,382M9COHEI8DCRC4SQBMDZJM8JEUEI,AssignmentSubmitted
352,2017-07-07 20:07:31.235451,,,,,,f,,33FBRBDW6PS0HWLDTW4MRJ1UQGAC8S,AssignmentSubmitted
353,2017-07-07 20:07:33.430222,,,,,,f,,39N5ACM9HFGJPQDR3TW6BFVC956P97,AssignmentSubmitted
354,2017-07-07 20:07:35.520128,,,,,,f,,3NPFYT4IZDX3D92Q3QCXX932FHAXGU,AssignmentSubmitted
355,2017-07-07 20:07:37.576302,,,,,,f,,3JZQSN0I3R3MDNB53W6BR23VBCEGFM,AssignmentSubmitted
356,2017-07-07 20:07:39.711901,,,,,,f,,3M0BCWMB8WPSXSPPDZOXUFYYQ2CWBJ,AssignmentSubmitted
357,2017-07-07 20:07:41.702257,,,,,,f,,37TRT2X24RK6R8PQ605I5P4QO64BJ4,AssignmentSubmitted
358,2017-07-07 20:07:43.521235,,,,,,f,,3TMFV4NEP979VURIAN4N3D8XIWRW8K,AssignmentSubmitted
359,2017-07-07 20:07:45.340765,,,,,,f,,31LVTDXBL83Z25UF5I3LLJMMAHBRLY,AssignmentSubmitted
360,2017-07-07 20:07:47.449295,,,,,,f,,3YZ8UPK3VUFYFTSQWZ5RNBJJN71UCP,AssignmentReturned
361,2017-07-07 20:07:48.475539,,,,,,f,,35BLDD71I7QB01S0T3Z4UVMNAWWZVI,AssignmentReturned
362,2017-07-07 20:07:49.494505,,,,,,f,,3GDTJDAPVV4DQIX46LY0UF66KUEM8K,AssignmentReturned
363,2017-07-07 20:07:50.589827,,,,,,f,,3LWJHTCVCDFDQC5J6SBNLG7XHZOFQH,AssignmentReturned
364,2017-07-07 20:07:51.597962,,,,,,f,,3XM0HYN6NLS0KM48B4CS3TWN02MPEH,AssignmentReturned
365,2017-07-07 20:07:52.619825,,,,,,f,,3OB0CAO74II6DANBSSGH1NMCWNIYH1,AssignmentReturned
366,2017-07-07 20:07:53.630512,,,,,,f,,3Z7EFSHGNA7QWXML14GE7IINHPIXCK,AssignmentReturned
367,2017-07-07 20:07:54.721968,,,,,,f,,3R5F3LQFV3DGAHJ3SRDQZ3SFE3ZZOG,AssignmentReturned
368,2017-07-07 20:07:55.722059,,,,,,f,,3DL65MZB8E8HQXV46ZQMJTXG1J7ECS,AssignmentReturned
369,2017-07-07 20:07:56.767336,,,,,,f,,3YJ6NA41JC98V2Q0P5NJ099F5AIJPW,AssignmentReturned
370,2017-07-07 20:07:57.811441,,,,,,f,,3OSWBBLG1FQ01PSZ10BPRO052PUXDK,AssignmentReturned
371,2017-07-07 20:07:58.825593,,,,,,f,,3PW9OPU9PRD58E9QXI610W500JS12P,AssignmentReturned
372,2017-07-07 20:07:59.84941,,,,,,f,,31EUONYN2WWZ1XETRUONEXFJQSTOV5,AssignmentSubmitted
373,2017-07-07 20:08:01.73069,,,,,,f,,3VELCLL3GLCP98L2LDL8KFZP9NW1F8,AssignmentReturned
374,2017-07-07 20:08:02.775259,,,,,,f,,3R08VXYT7DO5VGMZ0ICHPDC27CLW7X,AssignmentReturned
375,2017-07-07 20:08:03.848176,,,,,,f,,3KJYX6QCMA4L0MNWBHWI61YXRYJVJT,AssignmentReturned
376,2017-07-07 20:08:10.087512,,,,,,f,,3ZDAD0O1T267IEOWNQB4WSIR5BITXZ,AssignmentReturned
377,2017-07-07 20:08:11.117377,,,,,,f,,3PW9OPU9PRD58E9QXI610W500JR12O,AssignmentReturned
378,2017-07-07 20:08:24.495693,,,,,,f,,3TVRFO09GL8JZ1GREH9DA18ABYWXL0,AssignmentReturned
379,2017-07-07 20:08:25.530132,,,,,,f,,3SUWZRL0MZ6SAGM3W8DJXT565XWE60,AssignmentReturned
380,2017-07-07 20:08:29.393865,,,,,,f,,31UV0MXWNR587HOBN8T5Q2PY1VTI5Y,AssignmentReturned
381,2017-07-07 20:08:34.968608,,,,,,f,,3K4J6M3CXFMRHWUXSGKJD1S4EW2AG4,AssignmentReturned
382,2017-07-07 20:08:35.998752,,,,,,f,,3ZSY5X72NY478QXCIAJDD0QG5MGROF,AssignmentReturned
383,2017-07-07 20:08:45.148457,,,,,,f,,3KKG4CDWKJRX0XR8594I8HKHI9B49W,AssignmentReturned
384,2017-07-07 20:09:17.503722,,,,,,f,,33TIN5LC053DY45SUGSPO6OODA9Y9A,AssignmentReturned
385,2017-07-07 20:09:20.882461,,,,,,f,,35USIKEBNS9W4MZGP7G2NGZFJPY6NI,AssignmentReturned
386,2017-07-07 20:09:21.931564,,,,,,f,,34T446B1C17IZ7GAYSR7Y4VC7IY0CT,AssignmentReturned
387,2017-07-07 20:09:22.95503,,,,,,f,,39KFRKBFIOOG5R9YW5B7LWJD89VOYE,AssignmentReturned
388,2017-07-07 20:09:23.975801,,,,,,f,,3LPW2N6LKUVDG8JBHPIJ95D9VQFU5H,AssignmentReturned
389,2017-07-07 20:09:25.502146,,,,,,f,,3NG53N1RLWCJBLUHY1QSBJ01PZOP8I,AssignmentReturned
390,2017-07-07 20:09:26.527418,,,,,,f,,3IQ1VMJRYUDC2M7PEAE9LK6HAJ79AC,AssignmentReturned
391,2017-07-07 20:09:27.545315,,,,,,f,,3R5F3LQFV3DGAHJ3SRDQZ3SFE3ZOZ5,AssignmentReturned
392,2017-07-07 20:09:28.559653,,,,,,f,,3BWI6RSP7H2BEG08FIIB375208HE70,AssignmentReturned
393,2017-07-07 20:09:29.590796,,,,,,f,,3QJOXOW4XKKUZJ7VJOK0MP2SVXBMEI,AssignmentReturned
394,2017-07-07 20:09:30.634708,,,,,,f,,388U7OUMF8UM595TGPH2NZUY7J0R0P,AssignmentReturned
395,2017-07-07 20:09:31.643955,,,,,,f,,3UJ1CZ6IZIIX1VR7SKNJU4VLATV5SD,AssignmentReturned
396,2017-07-07 20:10:12.902891,,,,,,f,,3HOSI13XH0HM3JNIA0ADXHXDM7JDDZ,AssignmentReturned
397,2017-07-07 20:10:13.927228,,,,,,f,,3CN4LGXD5YHC1YZGDLWY7YD8RIW4YL,AssignmentReturned
398,2017-07-07 20:10:17.165231,,,,,,f,,31HQ4X3T3T3B3KUSK73QBTRIWJULSG,AssignmentReturned
399,2017-07-07 20:10:22.304591,,,,,,f,,37C0GNLMHGWNIA830D2ZRBNL5LW6D0,AssignmentReturned
400,2017-07-07 20:10:23.329867,,,,,,f,,358UUM7WR0W0NK5D1O2B2E4LFX77R6,AssignmentReturned
401,2017-07-07 20:10:24.383567,,,,,,f,,3N2BF7Y2VRN6JTYX9PS67SZ5ND4HMU,AssignmentReturned
402,2017-07-07 20:10:25.412232,,,,,,f,,3C5W7UE9CGJ35JYCETASAENZB3MXM2,AssignmentReturned
403,2017-07-07 20:10:26.437209,,,,,,f,,3ZQIG0FLQF9766NVIGFXVRS5TUSVWO,AssignmentReturned
404,2017-07-07 20:10:27.464078,,,,,,f,,36WLNQG7803YGS3YSZUR89RYJY7EBL,AssignmentReturned
405,2017-07-07 20:10:28.490464,,,,,,f,,36ZN444YTSRUFRUTSNP4Z8PPIQXOI8,AssignmentSubmitted
406,2017-07-07 20:10:30.385747,,,,,,f,,3F0BG9B9MQG9KLHZFJU5AAXIIKMY7Z,AssignmentSubmitted
407,2017-07-07 20:10:32.257773,,,,,,f,,34QN5IT0T0KGN4QXHGB2WIZTHRD08N,AssignmentReturned
408,2017-07-07 20:10:44.987278,,,,,,f,,3DQQ64TANHEU1MQZW46YPZ3N76SPWY,AssignmentReturned
409,2017-07-07 20:10:46.703187,,,,,,f,,3X4MXAO0BHHFDZ6E9WANUU328OFWRW,AssignmentReturned
410,2017-07-07 20:10:47.718639,,,,,,f,,3TYCR1GOTDC84WG6FZXY7MOLJYULZL,AssignmentReturned
411,2017-07-07 20:10:48.772172,,,,,,f,,35K3O9HUAC6OT9FEX1GNRZIJYWZEF3,AssignmentReturned
412,2017-07-07 20:10:49.825402,,,,,,f,,3PMBY0YE28W0V14NYOA0RFW5AMSC9H,AssignmentReturned
413,2017-07-07 20:10:57.958895,,,,,,f,,3LUY3GC630TFB7PYOWYMXJ46EFIP7V,AssignmentReturned
414,2017-07-07 20:10:59.101021,,,,,,f,,3E7TUJ2EGDFA0TA1YK5BBLENVM49DE,AssignmentReturned
415,2017-07-07 20:11:00.138777,,,,,,f,,337RC3OW06VRVCBWE28VMGBPVNOLVL,AssignmentReturned
416,2017-07-07 20:11:17.880227,,,,,,f,,3TAYZSBPLM152Y8KA1LLWXS9QJ3S2Y,AssignmentReturned
417,2017-07-07 20:11:37.824986,,,,,,f,,30LB5CDZND3V70RKQ6BF92WXG0JZ0Q,AssignmentReturned
418,2017-07-07 20:11:39.677458,,,,,,f,,30BUDKLTXEOWRCMPRP3E5NR692LE5K,AssignmentReturned
419,2017-07-07 20:11:40.690239,,,,,,f,,3E47SOBEYRPT62XQ2IGD48V8TCFCI0,AssignmentReturned
420,2017-07-07 20:11:41.733766,,,,,,f,,3WQ3B2KGE99ZWR9MGBZC1P84UP41BQ,AssignmentReturned
421,2017-07-07 20:11:43.089012,,,,,,f,,3YDTZAI2WY9FBSOD1WPPTB2YKXN14K,AssignmentSubmitted
422,2017-07-07 20:11:47.363517,,,,,,f,,3X3OR7WPZ0TTK0FJ69XLU2RHKPO8L4,AssignmentReturned
423,2017-07-07 20:11:48.879054,,,,,,f,,3ZPPDN2SLWPFSZO1UFGVH3W8VY4E9B,AssignmentReturned
424,2017-07-07 20:11:51.912863,,,,,,f,,3KAKFY4PGVV5T2179P5CB5RENZ23IT,AssignmentReturned
425,2017-07-07 20:11:55.783524,,,,,,f,,3SB4CE2TJWO23IPNHQKN1NSZHMXXAI,AssignmentReturned
426,2017-07-07 20:12:29.211009,,,,,,f,,3PS7W85Z80VHHI6YKA5QGPW9Y8RT9G,AssignmentSubmitted
427,2017-07-07 20:12:31.138253,,,,,,f,,3WT783CTPCAJJUJKW8OWILRVYMVCBR,AssignmentSubmitted
428,2017-07-07 20:13:01.603638,,,,,,f,,3EO896NRAXO6NUJ76MW35JACUD3TJB,AssignmentReturned
429,2017-07-07 20:13:02.620733,,,,,,f,,3NGMS9VZTMBGZNFASC0T9H3JAXFFFN,AssignmentReturned
430,2017-07-07 20:13:04.974273,,,,,,f,,3ZV9H2YQQE0NUXLCY69RCW0M2AZW3S,AssignmentSubmitted
431,2017-07-07 20:13:06.864771,,,,,,f,,3HMIGG0U4MZDKZMIPOMBOATDT4RY8L,AssignmentSubmitted
432,2017-07-07 20:13:43.442364,,,,,,f,,3WLEIWSYHPAGCPU4Z79MSJL7H8MH22,AssignmentSubmitted
433,2017-07-07 20:13:45.303922,,,,,,f,,37Z929RLGA1ZMX2XTG5HXK1ZQWGTSR,AssignmentSubmitted
434,2017-07-07 20:13:47.127405,,,,,,f,,36V4Q8R5ZLTJWMX0SFF0G6R6E0ZMQU,AssignmentSubmitted
435,2017-07-07 20:14:06.233759,,,,,,f,,3R2PKQ87NX16FO9HF7AR740KNQIMIR,AssignmentReturned
436,2017-07-07 20:14:11.620594,,,,,,f,,3ZGVPD4G6UAWN9OBO8ZPTDY2DBGTZW,AssignmentReturned
437,2017-07-07 20:14:12.655359,,,,,,f,,3YWRV122CTSW3Q2DFNPMLPN0XGH8UY,AssignmentSubmitted
438,2017-07-07 20:14:14.622261,,,,,,f,,3DIP6YHAPDLFEU5RPNAHH71XBSME8M,AssignmentReturned
439,2017-07-07 20:14:15.638917,,,,,,f,,33CID57105M7J39DUS2P3LJ643W3L7,AssignmentReturned
440,2017-07-07 20:14:34.626041,,,,,,f,,34X6J5FLPURTVERFPI280EZPA64JQN,AssignmentReturned
441,2017-07-07 20:15:09.242111,,,,,,f,,3907X2AHF1Y8P6SSIKHR1SNY3ZWP2F,AssignmentSubmitted
442,2017-07-07 20:15:11.218383,,,,,,f,,3A9AA95ATXF0O3BF03JPZZQAN9NP5G,AssignmentReturned
443,2017-07-07 20:16:20.654519,,,,,,f,,3DY4FPOOA2H2YA69JM5R8SKO1FDRVH,AssignmentReturned
444,2017-07-07 20:16:35.521695,,,,,,f,,3I3WADAZ9RXI33ZEL36AAZLKD4RO5Y,AssignmentReturned
445,2017-07-07 20:16:36.544349,,,,,,f,,3L4D84MIL0LGILSC6SFER07OJJ8JHR,AssignmentReturned
446,2017-07-07 20:16:40.262668,,,,,,f,,34PGFRQONP4YFBN11R1ES3HBY7LJWR,AssignmentReturned
447,2017-07-07 20:17:27.238326,,,,,,f,,3YOH7BII0A0GB6TET2WU7GYA6NJVKS,AssignmentSubmitted
448,2017-07-07 20:17:29.082567,,,,,,f,,3OJSZ2ATDTPBIX7F4HP8ZDZPNFI75S,AssignmentSubmitted
449,2017-07-07 20:17:30.88642,,,,,,f,,340UGXU9DZUUE2YQNG0WD3788EHVUP,AssignmentReturned
450,2017-07-07 20:19:36.404231,,,,,,f,,3MMN5BL1W0XRPLRYU4343YYV48M3M9,AssignmentSubmitted
451,2017-07-07 20:19:39.944762,,,,,,f,,3VW6495TLKTSZ5D02SK5NNHFMJUYYZ,AssignmentReturned
452,2017-07-07 20:19:45.288144,,,,,,f,,326O153BMJRRVP1I6VLX3ZFYMJJEDS,AssignmentReturned
453,2017-07-07 20:19:50.9504,,,,,,f,,3LRLIPTPER2WJIQGI75YBTKXLDJAK7,AssignmentReturned
454,2017-07-07 20:20:17.26867,,,,,,f,,3HVVDCPGTFLWIJE6SMX6F6P07HCYTA,AssignmentSubmitted
455,2017-07-07 20:21:10.369966,,,,,,f,,3TS1AR6UQR73KU04AT2HLPQ2C9WF7J,AssignmentSubmitted
456,2017-07-07 20:24:17.131238,,,,,,f,,340UGXU9DZUUE2YQNG0WD3788EIVUQ,AssignmentReturned
457,2017-07-07 20:24:25.049203,,,,,,f,,39K0FND3AI8R96QJ3JIEQ6C1AIDMAN,AssignmentReturned
458,2017-07-07 20:25:19.838902,,,,,,f,,3NOKK93PR21WNVFI2QWH9HXJMVKEEL,AssignmentReturned
459,2017-07-07 20:25:21.103771,,,,,,f,,3Z2R0DQ0JI74SF32961G7GOUPSUE2J,AssignmentAbandoned
460,2017-07-07 20:25:22.138917,,,,,,f,,3137ONMDKHYU79B98LM59KIVZBZGE4,AssignmentAbandoned
461,2017-07-07 20:25:30.115162,,,,,,f,,3JRJSWSMQIETDXZLD6FLQQTMV6UE3U,AssignmentAbandoned
462,2017-07-07 20:25:39.832259,,,,,,f,,3K5TEWLKGW4P5B3QTZBIU0JXEJUVIH,AssignmentAbandoned
463,2017-07-07 20:25:51.372211,,,,,,f,,388U7OUMF8UM595TGPH2NZUY7J10RZ,AssignmentReturned
464,2017-07-07 20:25:52.393517,,,,,,f,,37UEWGM5HU1MCYQBC8L214D8CB6R1S,AssignmentAbandoned
465,2017-07-07 20:26:06.019012,,,,,,f,,3EG49X351V51GGDKRD3BLIQDL37X6S,AssignmentReturned
466,2017-07-07 20:26:22.289273,,,,,,f,,3U84XHCDID6C6O9L97YHL5MAXCZZ46,AssignmentSubmitted
467,2017-07-07 20:26:32.026652,,,,,,f,,3JV9LGBJWU7GJ0OY2ZP1EWC93D5GO8,AssignmentAbandoned
468,2017-07-07 20:26:33.06998,,,,,,f,,386PBUZZXGQI4HB2XDUCJS0V00HJLY,AssignmentReturned
469,2017-07-07 20:26:54.891644,,,,,,f,,3B1NLC6UG0PY400ZHZ2G3WHZDI1GPP,AssignmentAbandoned
470,2017-07-07 20:27:42.80891,,,,,,f,,3ND9UOO81LV4A1B14CDR8IU32WQWL6,AssignmentAbandoned
471,2017-07-07 20:28:06.912885,,,,,,f,,3H0W84IWBLVLWZKNOWGH8OW21KAREB,AssignmentAbandoned
472,2017-07-07 20:28:07.939674,,,,,,f,,30LB5CDZND3V70RKQ6BF92WXG0K0ZS,AssignmentAbandoned
473,2017-07-07 20:28:08.950846,,,,,,f,,3KJYX6QCMA4L0MNWBHWI61YXRYJJVH,AssignmentAbandoned
474,2017-07-07 20:28:10.049829,,,,,,f,,3M0NZ3JDP2RU27DLNCHRQXSOX8UZ5B,AssignmentAbandoned
475,2017-07-07 20:28:22.419534,,,,,,f,,3U5NZHP4LSVC4WVA15KYOWT0SIEPHX,AssignmentAbandoned
476,2017-07-07 20:28:30.972386,,,,,,f,,31JLPPHS2VNFPOCA7KIHV2N0Z813OO,AssignmentAbandoned
477,2017-07-07 20:29:24.309125,,,,,,f,,3QY7M81QH8FE0GSIB4TE12I7K5D7KD,AssignmentSubmitted
478,2017-07-07 20:29:26.462768,,,,,,f,,39ZSFO5CA9PLN7YW6RMDAFWEDRAUJ3,AssignmentAbandoned
479,2017-07-07 20:29:27.493155,,,,,,f,,3YGXWBAF71AZYVYBHTE9A7LPOUEC4L,AssignmentAbandoned
480,2017-07-07 20:30:19.185308,,,,,,f,,3QFUFYSY9Z8617IL8V4AID6SL764FO,AssignmentAbandoned
481,2017-07-07 20:31:43.543109,,,,,,f,,3DI28L7YXB7X3UL6Q2122XEPXMGE12,AssignmentAbandoned
482,2017-07-07 20:31:49.297561,,,,,,f,,3OCHAWUVGPD8FVY9THXCV1VVMYRXKX,AssignmentAbandoned
483,2017-07-07 20:32:55.69478,,,,,,f,,3E337GFOLA1Y1FOM1KPOZ7C4D31NG1,AssignmentAbandoned
484,2017-07-07 20:34:26.096263,,,,,,f,,3SKRO2GZ72K0PUDGMOC50SRUHJD1KA,AssignmentAbandoned
485,2017-07-07 20:34:42.161418,,,,,,f,,3TR2532VIQN0LW8VA9OAU9IYA5SJ6Q,AssignmentAbandoned
486,2017-07-07 20:34:46.161273,,,,,,f,,3BEFOD78W7MC7HA2UI8ND3Q1I8IM4D,AssignmentAbandoned
