id,creation_time,property1,property2,property3,property4,property5,failed,time_of_death,type,participant_id,number,question,response
1,2017-07-07 20:00:53.855551,,,,,,f,,question,85,1,questionnaire,"{""engagement"":""4"",""difficulty"":""6""}"
2,2017-07-07 20:02:21.783122,,,,,,f,,question,55,1,questionnaire,"{""engagement"":""1"",""difficulty"":""7""}"
3,2017-07-07 20:05:36.571011,,,,,,f,,question,5,1,questionnaire,"{""engagement"":""4"",""difficulty"":""5""}"
4,2017-07-07 20:05:37.504906,,,,,,f,,question,7,1,questionnaire,"{""engagement"":""5"",""difficulty"":""5""}"
5,2017-07-07 20:05:37.624771,,,,,,f,,question,42,1,questionnaire,"{""engagement"":""4"",""difficulty"":""6""}"
6,2017-07-07 20:05:37.873819,,,,,,f,,question,3,1,questionnaire,"{""engagement"":""7"",""difficulty"":""1""}"
7,2017-07-07 20:05:39.574178,,,,,,f,,question,1,1,questionnaire,"{""engagement"":""7"",""difficulty"":""3""}"
8,2017-07-07 20:05:39.934553,,,,,,f,,question,93,1,questionnaire,"{""engagement"":""6"",""difficulty"":""7""}"
9,2017-07-07 20:05:41.16672,,,,,,f,,question,2,1,questionnaire,"{""engagement"":""5"",""difficulty"":""7""}"
10,2017-07-07 20:05:41.246058,,,,,,f,,question,4,1,questionnaire,"{""engagement"":""7"",""difficulty"":""4""}"
11,2017-07-07 20:05:42.220371,,,,,,f,,question,16,1,questionnaire,"{""engagement"":""7"",""difficulty"":""7""}"
12,2017-07-07 20:05:42.62304,,,,,,f,,question,170,1,questionnaire,"{""engagement"":""7"",""difficulty"":""5""}"
13,2017-07-07 20:05:43.354781,,,,,,f,,question,62,1,questionnaire,"{""engagement"":""6"",""difficulty"":""2""}"
14,2017-07-07 20:05:44.630972,,,,,,f,,question,36,1,questionnaire,"{""engagement"":""5"",""difficulty"":""7""}"
15,2017-07-07 20:05:45.119653,,,,,,f,,question,10,1,questionnaire,"{""engagement"":""7"",""difficulty"":""3""}"
16,2017-07-07 20:05:45.608303,,,,,,f,,question,105,1,questionnaire,"{""engagement"":""7"",""difficulty"":""1""}"
17,2017-07-07 20:05:46.632807,,,,,,f,,question,8,1,questionnaire,"{""engagement"":""7"",""difficulty"":""2""}"
18,2017-07-07 20:05:46.715678,,,,,,f,,question,44,1,questionnaire,"{""engagement"":""7"",""difficulty"":""2""}"
19,2017-07-07 20:05:47.253636,,,,,,f,,question,12,1,questionnaire,"{""engagement"":""7"",""difficulty"":""7""}"
20,2017-07-07 20:05:47.305247,,,,,,f,,question,9,1,questionnaire,"{""engagement"":""7"",""difficulty"":""4""}"
21,2017-07-07 20:05:49.105996,,,,,,f,,question,177,1,questionnaire,"{""engagement"":""6"",""difficulty"":""3""}"
22,2017-07-07 20:05:50.651055,,,,,,f,,question,40,1,questionnaire,"{""engagement"":""7"",""difficulty"":""4""}"
23,2017-07-07 20:05:51.658041,,,,,,f,,question,48,1,questionnaire,"{""engagement"":""7"",""difficulty"":""7""}"
24,2017-07-07 20:05:54.019684,,,,,,f,,question,92,1,questionnaire,"{""engagement"":""7"",""difficulty"":""7""}"
25,2017-07-07 20:05:56.371998,,,,,,f,,question,129,1,questionnaire,"{""engagement"":""7"",""difficulty"":""2""}"
26,2017-07-07 20:05:57.045219,,,,,,f,,question,46,1,questionnaire,"{""engagement"":""7"",""difficulty"":""5""}"
27,2017-07-07 20:05:57.749904,,,,,,f,,question,29,1,questionnaire,"{""engagement"":""7"",""difficulty"":""7""}"
28,2017-07-07 20:06:38.313895,,,,,,f,,question,183,1,questionnaire,"{""engagement"":""7"",""difficulty"":""6""}"
29,2017-07-07 20:07:05.870977,,,,,,f,,question,211,1,questionnaire,"{""engagement"":""7"",""difficulty"":""7""}"
30,2017-07-07 20:07:44.17232,,,,,,f,,question,232,1,questionnaire,"{""engagement"":""0"",""difficulty"":""0""}"
31,2017-07-07 20:08:00.684528,,,,,,f,,question,238,1,questionnaire,"{""engagement"":""6"",""difficulty"":""6""}"
32,2017-07-07 20:08:18.053343,,,,,,f,,question,26,1,questionnaire,"{""engagement"":""7"",""difficulty"":""7""}"
33,2017-07-07 20:11:16.52078,,,,,,f,,question,304,1,questionnaire,"{""engagement"":""3"",""difficulty"":""5""}"
34,2017-07-07 20:11:45.575743,,,,,,f,,question,312,1,questionnaire,"{""engagement"":""7"",""difficulty"":""1""}"
35,2017-07-07 20:11:59.219323,,,,,,f,,question,314,1,questionnaire,"{""engagement"":""3"",""difficulty"":""7""}"
36,2017-07-07 20:12:17.876835,,,,,,f,,question,316,1,questionnaire,"{""engagement"":""7"",""difficulty"":""7""}"
37,2017-07-07 20:12:32.460299,,,,,,f,,question,318,1,questionnaire,"{""engagement"":""7"",""difficulty"":""7""}"
38,2017-07-07 20:13:00.026057,,,,,,f,,question,321,1,questionnaire,"{""engagement"":""1"",""difficulty"":""4""}"
39,2017-07-07 20:13:27.394143,,,,,,f,,question,324,1,questionnaire,"{""engagement"":""5"",""difficulty"":""5""}"
40,2017-07-07 20:13:29.280274,,,,,,f,,question,322,1,questionnaire,"{""engagement"":""7"",""difficulty"":""2""}"
41,2017-07-07 20:13:36.461488,,,,,,f,,question,323,1,questionnaire,"{""engagement"":""1"",""difficulty"":""1""}"
42,2017-07-07 20:14:18.996819,,,,,,f,,question,326,1,questionnaire,"{""engagement"":""7"",""difficulty"":""4""}"
43,2017-07-07 20:14:51.32585,,,,,,f,,question,328,1,questionnaire,"{""engagement"":""1"",""difficulty"":""1""}"
44,2017-07-07 20:15:27.507848,,,,,,f,,question,330,1,questionnaire,"{""engagement"":""6"",""difficulty"":""5""}"
45,2017-07-07 20:15:34.445111,,,,,,f,,question,331,1,questionnaire,"{""engagement"":""1"",""difficulty"":""1""}"
46,2017-07-07 20:15:45.860151,,,,,,f,,question,333,1,questionnaire,"{""engagement"":""0"",""difficulty"":""0""}"
47,2017-07-07 20:15:50.780965,,,,,,f,,question,332,1,questionnaire,"{""engagement"":""1"",""difficulty"":""1""}"
48,2017-07-07 20:18:20.193792,,,,,,f,,question,336,1,questionnaire,"{""engagement"":""4"",""difficulty"":""6""}"
49,2017-07-07 20:19:25.832766,,,,,,f,,question,334,1,questionnaire,"{""engagement"":""7"",""difficulty"":""3""}"
50,2017-07-07 20:20:06.759178,,,,,,f,,question,338,1,questionnaire,"{""engagement"":""7"",""difficulty"":""2""}"
51,2017-07-07 20:20:47.108737,,,,,,f,,question,339,1,questionnaire,"{""engagement"":""6"",""difficulty"":""4""}"
52,2017-07-07 20:28:09.193943,,,,,,f,,question,341,1,questionnaire,"{""engagement"":""0"",""difficulty"":""0""}"
