id,creation_time,property1,property2,property3,property4,property5,failed,time_of_death,assignment_id,event_type
1,2017-07-06 22:44:19.324149,,,,,,f,,39GAF6DQWSTE557SLSQC212BXGRV1V,AssignmentAccepted
2,2017-07-06 22:44:20.312781,,,,,,f,,3ZSANO2JCG0P3SKWYW0SGGMYZMGSFO,AssignmentAccepted
3,2017-07-06 22:44:21.323254,,,,,,f,,34HJIJKLP6PVX44B8A9E0Z9E901V48,AssignmentAccepted
4,2017-07-06 22:44:22.337811,,,,,,f,,3V0Z7YWSIZTLUQPO4WQQ7KCGPM5V2C,AssignmentAccepted
5,2017-07-06 22:44:24.360884,,,,,,f,,30ZX6P7VF9OC3VPUN7C74W1MUZZ2JZ,AssignmentAccepted
6,2017-07-06 22:44:28.727823,,,,,,f,,3EWIJTFFVP0XW50OUJX2OSVFSTJ0ES,AssignmentAccepted
7,2017-07-06 22:44:29.712312,,,,,,f,,3WRFBPLXRBHX73CY65I4GDNV9X3N3Y,AssignmentAccepted
8,2017-07-06 22:45:01.048305,,,,,,f,,3FPRZHYEPZ0AF8L78W4VQUH8V05V3N,AssignmentAccepted
9,2017-07-06 22:45:02.196469,,,,,,f,,3KIBXJ1WD6NLLMKHSQAGCO42ATUKOL,AssignmentAccepted
10,2017-07-06 22:45:03.25454,,,,,,f,,3M81GAB8A1CNDVT31QPR2QGC203QBF,AssignmentAccepted
11,2017-07-06 22:55:31.203064,,,,,,f,,30ZX6P7VF9OC3VPUN7C74W1MUZZ2JZ,AssignmentSubmitted
12,2017-07-06 22:55:34.442491,,,,,,f,,3FPRZHYEPZ0AF8L78W4VQUH8V05V3N,AssignmentSubmitted
13,2017-07-06 22:55:37.522537,,,,,,f,,3M81GAB8A1CNDVT31QPR2QGC203QBF,AssignmentSubmitted
14,2017-07-06 22:55:40.468125,,,,,,f,,39GAF6DQWSTE557SLSQC212BXGRV1V,AssignmentSubmitted
15,2017-07-06 22:56:14.402154,,,,,,f,,3V0Z7YWSIZTLUQPO4WQQ7KCGPM5V2C,AssignmentSubmitted
16,2017-07-06 22:56:17.42469,,,,,,f,,3KIBXJ1WD6NLLMKHSQAGCO42ATUKOL,AssignmentSubmitted
