id,creation_time,property1,property2,property3,property4,property5,failed,time_of_death,type,worker_id,assignment_id,unique_id,hit_id,mode,end_time,base_pay,bonus,status
2,2017-07-06 22:44:21.163172,,,,,,f,,participant,2,30ZX6P7VF9OC3VPUN7C74W1MUZZ2JZ,2:30ZX6P7VF9OC3VPUN7C74W1MUZZ2JZ,3ATYLI1PRTVNNIG5K352NP85B7RJOS,live,2017-07-06 22:55:31.216768,1,1.81,approved
1,2017-07-06 22:44:16.040852,,,,,,f,,participant,1,3FPRZHYEPZ0AF8L78W4VQUH8V05V3N,1:3FPRZHYEPZ0AF8L78W4VQUH8V05V3N,3ATYLI1PRTVNNIG5K352NP85B7RJOS,live,2017-07-06 22:55:34.455762,1,1.54,approved
3,2017-07-06 22:44:24.368762,,,,,,f,,participant,3,3M81GAB8A1CNDVT31QPR2QGC203QBF,3:3M81GAB8A1CNDVT31QPR2QGC203QBF,3ATYLI1PRTVNNIG5K352NP85B7RJOS,live,2017-07-06 22:55:37.535528,1,0.4,approved
4,2017-07-06 22:44:25.953524,,,,,,f,,participant,4,39GAF6DQWSTE557SLSQC212BXGRV1V,4:39GAF6DQWSTE557SLSQC212BXGRV1V,3ATYLI1PRTVNNIG5K352NP85B7RJOS,live,2017-07-06 22:55:40.481276,1,1.47,approved
7,2017-07-06 22:55:50.043095,,,,,,f,,participant,7,3WRFBPLXRBHX73CY65I4GDNV9X3N3Y,7:3WRFBPLXRBHX73CY65I4GDNV9X3N3Y,3ATYLI1PRTVNNIG5K352NP85B7RJOS,live,,,,working
6,2017-07-06 22:49:10.900161,,,,,,f,,participant,6,3V0Z7YWSIZTLUQPO4WQQ7KCGPM5V2C,6:3V0Z7YWSIZTLUQPO4WQQ7KCGPM5V2C,3ATYLI1PRTVNNIG5K352NP85B7RJOS,live,2017-07-06 22:56:14.415061,1,0.34,approved
5,2017-07-06 22:44:33.497966,,,,,,f,,participant,5,3KIBXJ1WD6NLLMKHSQAGCO42ATUKOL,5:3KIBXJ1WD6NLLMKHSQAGCO42ATUKOL,3ATYLI1PRTVNNIG5K352NP85B7RJOS,live,2017-07-06 22:56:17.438179,1,0.52,approved
