id,creation_time,property1,property2,property3,property4,property5,failed,time_of_death,type,participant_id,number,question,response
1,2017-07-06 22:54:46.994926,,,,,,f,,question,1,1,questionnaire,"{""engagement"":""7"",""difficulty"":""4""}"
2,2017-07-06 22:54:49.340193,,,,,,f,,question,2,1,questionnaire,"{""engagement"":""6"",""difficulty"":""1""}"
3,2017-07-06 22:54:50.455385,,,,,,f,,question,4,1,questionnaire,"{""engagement"":""7"",""difficulty"":""4""}"
4,2017-07-06 22:54:57.711004,,,,,,f,,question,3,1,questionnaire,"{""engagement"":""7"",""difficulty"":""7""}"
5,2017-07-06 22:54:59.129556,,,,,,f,,question,6,1,questionnaire,"{""engagement"":""6"",""difficulty"":""3""}"
6,2017-07-06 22:55:41.049234,,,,,,f,,question,5,1,questionnaire,"{""engagement"":""3"",""difficulty"":""0""}"
